Timestamp (ms),F_GPS_SPEED
151588,0.3333600163459778
151640,0.3333600163459778
151789,0.037039998918771744
151843,0.037039998918771744
151950,0.055560000240802765
152056,0.018519999459385872
152160,0.055560000240802765
152266,0.07407999783754349
152373,0.037039998918771744
152472,0.037039998918771744
152581,0.018519999459385872
152681,0.055560000240802765
152785,0.037039998918771744
152884,0.018519999459385872
152988,0.037039998918771744
153095,0.055560000240802765
153197,0.018519999459385872
153297,0.018519999459385872
153396,0.018519999459385872
153497,0.037039998918771744
153597,0.055560000240802765
153698,0.055560000240802765
153798,0.055560000240802765
153904,0.018519999459385872
154012,0.037039998918771744
154112,0.018519999459385872
154215,0.018519999459385872
154322,0.018519999459385872
154422,0.018519999459385872
154526,0.018519999459385872
154634,0.055560000240802765
154734,0.018519999459385872
154734,0.018519999459385872
154834,0.018519999459385872
154938,0.018519999459385872
155038,0.037039998918771744
155142,0.037039998918771744
155245,0.037039998918771744
155345,0.0
155451,0.037039998918771744
155561,0.037039998918771744
155670,0.037039998918771744
155777,0.037039998918771744
155881,0.037039998918771744
155985,0.018519999459385872
156090,0.055560000240802765
156194,0.14815999567508698
156303,0.09260000288486481
156407,0.11112000048160553
156514,0.09260000288486481
156620,0.14815999567508698
156722,0.20372000336647034
156827,0.24075999855995178
156931,0.24075999855995178
157034,0.18520000576972961
157134,0.11112000048160553
157238,0.11112000048160553
157344,0.09260000288486481
157444,0.09260000288486481
157547,0.055560000240802765
157646,0.018519999459385872
157752,0.037039998918771744
157860,0.09260000288486481
157960,0.12963999807834625
158060,0.09260000288486481
158162,0.11112000048160553
158267,0.11112000048160553
158369,0.11112000048160553
158478,0.11112000048160553
158580,0.09260000288486481
158683,0.055560000240802765
158782,0.07407999783754349
158886,0.018519999459385872
158985,0.037039998918771744
159085,0.018519999459385872
159191,0.018519999459385872
159297,0.018519999459385872
159397,0.018519999459385872
159499,0.0
159599,0.037039998918771744
159704,0.037039998918771744
159805,0.055560000240802765
159907,0.037039998918771744
160014,0.055560000240802765
160115,0.037039998918771744
160218,0.055560000240802765
160323,0.037039998918771744
160431,0.037039998918771744
160530,0.037039998918771744
160630,0.018519999459385872
160730,0.037039998918771744
160834,0.018519999459385872
160942,0.018519999459385872
161041,0.037039998918771744
161145,0.037039998918771744
161245,0.055560000240802765
161349,0.055560000240802765
161453,0.0
161553,0.055560000240802765
161659,0.018519999459385872
161758,0.018519999459385872
161864,0.07407999783754349
161969,0.037039998918771744
162076,0.037039998918771744
162180,0.055560000240802765
162279,0.018519999459385872
162379,0.018519999459385872
162487,0.09260000288486481
162589,0.037039998918771744
162697,0.018519999459385872
162804,0.055560000240802765
162908,0.037039998918771744
163014,0.037039998918771744
163122,0.12963999807834625
163221,0.09260000288486481
163326,0.037039998918771744
163432,0.037039998918771744
163532,0.055560000240802765
163634,0.07407999783754349
163738,0.055560000240802765
163845,0.037039998918771744
163944,0.07407999783754349
164046,0.055560000240802765
164145,0.12963999807834625
164249,0.055560000240802765
164349,0.11112000048160553
164449,0.018519999459385872
164550,0.07407999783754349
164650,0.11112000048160553
164752,0.07407999783754349
164851,0.07407999783754349
164956,0.07407999783754349
165058,0.055560000240802765
165159,0.055560000240802765
165264,0.055560000240802765
165369,0.055560000240802765
165475,0.037039998918771744
165575,0.055560000240802765
165675,0.055560000240802765
165775,0.018519999459385872
165881,0.037039998918771744
165988,0.018519999459385872
166096,0.037039998918771744
166196,0.0
166296,0.018519999459385872
166399,0.037039998918771744
166505,0.018519999459385872
166605,0.018519999459385872
166704,0.018519999459385872
166806,0.018519999459385872
166909,0.037039998918771744
167008,0.055560000240802765
167108,0.055560000240802765
167210,0.037039998918771744
167309,0.0
167413,0.018519999459385872
167513,0.055560000240802765
167619,0.037039998918771744
167726,0.018519999459385872
167830,0.055560000240802765
167937,0.055560000240802765
168037,0.055560000240802765
168141,0.055560000240802765
168242,0.07407999783754349
168348,0.07407999783754349
168447,0.037039998918771744
168551,0.037039998918771744
168650,0.055560000240802765
168650,0.055560000240802765
168754,0.018519999459385872
168861,0.037039998918771744
168969,0.018519999459385872
169069,0.09260000288486481
169170,0.018519999459385872
169270,0.0
169375,0.07407999783754349
169478,0.055560000240802765
169580,0.018519999459385872
169679,0.037039998918771744
169780,0.09260000288486481
169883,0.11112000048160553
169983,0.018519999459385872
170085,0.037039998918771744
170184,0.11112000048160553
170297,0.018519999459385872
170397,0.09260000288486481
170498,0.055560000240802765
170598,0.055560000240802765
170701,0.018519999459385872
170805,0.07407999783754349
170904,0.055560000240802765
171011,0.018519999459385872
171117,0.055560000240802765
171217,0.09260000288486481
171321,0.07407999783754349
171421,0.037039998918771744
171526,0.07407999783754349
171625,0.055560000240802765
171729,0.018519999459385872
171829,0.07407999783754349
171934,0.037039998918771744
172033,0.037039998918771744
172140,0.018519999459385872
172242,0.11112000048160553
172347,0.037039998918771744
172451,0.055560000240802765
172555,0.07407999783754349
172655,0.07407999783754349
172761,0.018519999459385872
172865,0.055560000240802765
172972,0.037039998918771744
173074,0.018519999459385872
173180,0.055560000240802765
173280,0.018519999459385872
173385,0.07407999783754349
173491,0.055560000240802765
173598,0.018519999459385872
173698,0.018519999459385872
173800,0.018519999459385872
173899,0.018519999459385872
174005,0.018519999459385872
174109,0.055560000240802765
174215,0.055560000240802765
174315,0.055560000240802765
174418,0.055560000240802765
174518,0.055560000240802765
174618,0.037039998918771744
174722,0.055560000240802765
174829,0.11112000048160553
174938,0.18520000576972961
175044,0.24075999855995178
175145,0.2592799961566925
175250,0.2592799961566925
175356,0.2592799961566925
175457,0.2778000235557556
175562,0.2592799961566925
175668,0.22224000096321106
175767,0.18520000576972961
175873,0.12963999807834625
175982,0.055560000240802765
176082,0.11112000048160553
176184,0.055560000240802765
176290,0.055560000240802765
176397,0.055560000240802765
176506,0.037039998918771744
176613,0.018519999459385872
176712,0.037039998918771744
176815,0.07407999783754349
176917,0.12963999807834625
177023,0.1666800081729889
177123,0.24075999855995178
177228,0.24075999855995178
177328,0.24075999855995178
177439,0.24075999855995178
177539,0.2592799961566925
177639,0.29631999135017395
177741,0.29631999135017395
177841,0.2778000235557556
177941,0.24075999855995178
178042,0.18520000576972961
178142,0.11112000048160553
178245,0.09260000288486481
178345,0.09260000288486481
178449,0.07407999783754349
178550,0.055560000240802765
178652,0.037039998918771744
178751,0.055560000240802765
178857,0.055560000240802765
178965,0.055560000240802765
179065,0.055560000240802765
179171,0.22224000096321106
179273,0.22224000096321106
179374,0.22224000096321106
179479,0.22224000096321106
179579,0.22224000096321106
179679,0.24075999855995178
179785,0.2592799961566925
179892,0.2592799961566925
180001,0.2592799961566925
180110,0.29631999135017395
180210,0.3148399889469147
180310,0.3148399889469147
180412,0.3148399889469147
180511,0.3148399889469147
180617,0.29631999135017395
180720,0.1666800081729889
180820,0.14815999567508698
180925,0.12963999807834625
181025,0.11112000048160553
181129,0.14815999567508698
181229,0.12963999807834625
181332,0.037039998918771744
181438,0.11112000048160553
181542,0.11112000048160553
181648,0.037039998918771744
181748,0.055560000240802765
181852,0.07407999783754349
181953,0.07407999783754349
182053,0.07407999783754349
182153,0.055560000240802765
182261,0.055560000240802765
182361,0.07407999783754349
182461,0.055560000240802765
182562,0.055560000240802765
182661,0.037039998918771744
182761,0.018519999459385872
182864,0.055560000240802765
182973,0.12963999807834625
183073,0.1666800081729889
183178,0.22224000096321106
183280,0.22224000096321106
183383,0.22224000096321106
183483,0.18520000576972961
183587,0.1666800081729889
183686,0.1666800081729889
183792,0.1666800081729889
183895,0.1666800081729889
183994,0.14815999567508698
184095,0.20372000336647034
184201,0.24075999855995178
184305,0.2592799961566925
184411,0.2778000235557556
184511,0.29631999135017395
184613,0.29631999135017395
184713,0.2592799961566925
184817,0.2592799961566925
184916,0.22224000096321106
185018,0.1666800081729889
185119,0.11112000048160553
185219,0.11112000048160553
185321,0.11112000048160553
185422,0.09260000288486481
185521,0.055560000240802765
185622,0.055560000240802765
185724,0.07407999783754349
185833,0.055560000240802765
185934,0.0
186038,0.07407999783754349
186144,0.09260000288486481
186249,0.09260000288486481
186348,0.09260000288486481
186448,0.11112000048160553
186551,0.11112000048160553
186651,0.14815999567508698
186755,0.12963999807834625
186857,0.09260000288486481
186960,0.09260000288486481
187062,0.09260000288486481
187162,0.09260000288486481
187262,0.11112000048160553
187364,0.12963999807834625
187466,0.14815999567508698
187569,0.1666800081729889
187676,0.1666800081729889
187783,0.18520000576972961
187883,0.18520000576972961
187984,0.18520000576972961
188086,0.18520000576972961
188186,0.18520000576972961
188286,0.1666800081729889
188386,0.1666800081729889
188490,0.1666800081729889
188598,0.1666800081729889
188698,0.1666800081729889
188798,0.1666800081729889
188901,0.1666800081729889
189000,0.1666800081729889
189100,0.14815999567508698
189200,0.14815999567508698
189300,0.14815999567508698
189401,0.14815999567508698
189500,0.14815999567508698
189606,0.14815999567508698
189706,0.14815999567508698
189810,0.14815999567508698
189913,0.14815999567508698
190015,0.14815999567508698
190115,0.14815999567508698
190215,0.1666800081729889
190315,0.1666800081729889
190415,0.1666800081729889
190522,0.1666800081729889
190625,0.14815999567508698
190727,0.14815999567508698
190831,0.12963999807834625
190930,0.11112000048160553
191030,0.11112000048160553
191130,0.11112000048160553
191230,0.09260000288486481
191336,0.09260000288486481
191442,0.09260000288486481
191542,0.11112000048160553
191642,0.12963999807834625
191744,0.14815999567508698
191848,0.1666800081729889
191951,0.18520000576972961
192052,0.18520000576972961
192151,0.18520000576972961
192252,0.20372000336647034
192352,0.20372000336647034
192452,0.20372000336647034
192553,0.20372000336647034
192658,0.22224000096321106
192758,0.22224000096321106
192858,0.24075999855995178
192959,0.2592799961566925
193059,0.2592799961566925
193159,0.2778000235557556
193262,0.2778000235557556
193371,0.29631999135017395
193471,0.29631999135017395
193576,0.29631999135017395
193682,0.29631999135017395
193782,0.2778000235557556
193887,0.2592799961566925
193989,0.2592799961566925
194094,0.24075999855995178
194194,0.24075999855995178
194294,0.24075999855995178
194394,0.22224000096321106
194494,0.22224000096321106
194596,0.20372000336647034
194701,0.20372000336647034
194804,0.20372000336647034
194904,0.22224000096321106
195009,0.24075999855995178
195114,0.24075999855995178
195214,0.2592799961566925
195315,0.2592799961566925
195420,0.2592799961566925
195520,0.24075999855995178
195620,0.24075999855995178
195722,0.24075999855995178
195821,0.24075999855995178
195926,0.2592799961566925
196028,0.2592799961566925
196131,0.2778000235557556
196235,0.29631999135017395
196343,0.29631999135017395
196449,0.29631999135017395
196549,0.29631999135017395
196652,0.29631999135017395
196752,0.29631999135017395
196858,0.29631999135017395
196962,0.29631999135017395
197068,0.29631999135017395
197167,0.29631999135017395
197272,0.29631999135017395
197376,0.29631999135017395
197487,0.29631999135017395
197587,0.29631999135017395
197691,0.29631999135017395
197791,0.29631999135017395
197891,0.29631999135017395
197991,0.3148399889469147
198092,0.3148399889469147
198192,0.3148399889469147
198292,0.3148399889469147
198397,0.3333600163459778
198497,0.3333600163459778
198599,0.3518799841403961
198702,0.3333600163459778
198804,0.3333600163459778
198903,0.3333600163459778
199003,0.3518799841403961
199107,0.37040001153945923
199206,0.38891997933387756
199313,0.4074400067329407
199415,0.4259600043296814
199517,0.4444800019264221
199617,0.46299999952316284
199721,0.48151999711990356
199824,0.48151999711990356
199932,0.5000399947166443
200039,0.5000399947166443
200138,0.518559992313385
200238,0.518559992313385
200338,0.5370799899101257
200439,0.5370799899101257
200538,0.5370799899101257
200644,0.5370799899101257
200750,0.5370799899101257
200851,0.5556000471115112
200950,0.5741199851036072
201054,0.5926399827003479
201153,0.6111600399017334
201257,0.6296799778938293
201358,0.6481999754905701
201458,0.6667200326919556
201569,0.7037599682807922
201668,0.722279965877533
201768,0.7593200206756592
201870,0.7593200206756592
201970,0.7778399586677551
202070,0.7778399586677551
202172,0.7963600158691406
202271,0.7963600158691406
202371,0.7963600158691406
202473,0.7778399586677551
202584,0.7778399586677551
202688,0.7778399586677551
202793,0.7963600158691406
202894,0.8148800134658813
202993,0.8889600038528442
203098,0.9259999990463257
203198,0.9445199966430664
203299,0.9445199966430664
203402,0.9815599322319031
203503,1.0000799894332886
203609,1.0185999870300293
203714,1.0185999870300293
203814,1.03711998462677
203814,1.03711998462677
203914,1.0556399822235107
204020,1.03711998462677
204126,1.03711998462677
204226,1.0185999870300293
204327,1.0185999870300293
204427,1.0185999870300293
204528,1.0185999870300293
204633,1.0185999870300293
204732,1.0185999870300293
204838,1.0185999870300293
204940,1.0000799894332886
205041,1.0000799894332886
205140,1.0000799894332886
205240,1.0000799894332886
205342,1.0000799894332886
205444,0.9815599322319031
205545,0.9815599322319031
205645,0.9815599322319031
205748,0.9815599322319031
205854,0.9815599322319031
205954,0.9815599322319031
206057,0.9815599322319031
206157,0.9630399942398071
206257,0.9630399942398071
206357,0.9630399942398071
206457,0.9445199966430664
206561,0.9445199966430664
206661,0.9445199966430664
206761,0.9259999990463257
206866,0.9259999990463257
206969,0.907480001449585
207069,0.9259999990463257
207174,0.9259999990463257
207283,0.9445199966430664
207383,0.9445199966430664
207483,0.9445199966430664
207584,0.9445199966430664
207687,0.9259999990463257
207787,0.907480001449585
207887,0.8889600038528442
207987,0.8889600038528442
208093,0.8889600038528442
208196,0.9259999990463257
208304,0.9259999990463257
208407,0.907480001449585
208509,0.8889600038528442
208609,0.8889600038528442
208709,0.8704400062561035
208809,0.8519200086593628
208913,0.8704400062561035
209017,0.8889600038528442
209122,0.9259999990463257
209230,0.9445199966430664
209330,0.9630399942398071
209437,0.9815599322319031
209536,0.9815599322319031
209636,0.9630399942398071
209741,0.9445199966430664
209842,0.9259999990463257
209947,0.907480001449585
210053,0.8889600038528442
210152,0.8333999514579773
210253,0.7963600158691406
210354,0.7963600158691406
210354,0.7963600158691406
210454,0.7963600158691406
210555,0.7963600158691406
210661,0.7963600158691406
210760,0.7778399586677551
210863,0.7778399586677551
210962,0.7963600158691406
210962,0.7963600158691406
211067,0.7963600158691406
211168,0.7963600158691406
211272,0.8148800134658813
211377,0.8148800134658813
211481,0.8333999514579773
211581,0.8519200086593628
211685,0.8519200086593628
211792,0.8704400062561035
211892,0.8519200086593628
211892,0.8519200086593628
211992,0.8148800134658813
212096,0.8148800134658813
212196,0.8148800134658813
212296,0.8148800134658813
212398,0.8148800134658813
212508,0.8333999514579773
212608,0.8333999514579773
212714,0.8519200086593628
212814,0.8519200086593628
212915,0.8519200086593628
213021,0.8519200086593628
213121,0.8519200086593628
213221,0.8519200086593628
213322,0.8519200086593628
213421,0.8519200086593628
213521,0.8704400062561035
213621,0.8704400062561035
213728,0.8704400062561035
213827,0.8704400062561035
213930,0.8704400062561035
214036,0.8704400062561035
214135,0.8519200086593628
214239,0.8519200086593628
214347,0.8333999514579773
214447,0.8333999514579773
214547,0.8333999514579773
214650,0.8148800134658813
214754,0.8148800134658813
214855,0.8148800134658813
214959,0.8148800134658813
215059,0.8148800134658813
215163,0.7963600158691406
215263,0.7963600158691406
215366,0.7778399586677551
215466,0.7593200206756592
215567,0.7593200206756592
215673,0.7408000230789185
215782,0.7037599682807922
215882,0.6852400302886963
215982,0.6852400302886963
216088,0.6481999754905701
216191,0.6296799778938293
216292,0.5926399827003479
216292,0.5926399827003479
216392,0.5741199851036072
216493,0.5741199851036072
216593,0.5741199851036072
216692,0.5556000471115112
216798,0.5370799899101257
216898,0.518559992313385
216998,0.5000399947166443
217101,0.5000399947166443
217205,0.46299999952316284
217304,0.4444800019264221
217404,0.4259600043296814
217511,0.4259600043296814
217611,0.4444800019264221
217711,0.4444800019264221
217814,0.4444800019264221
217913,0.4259600043296814
218013,0.4259600043296814
218113,0.4074400067329407
218214,0.4074400067329407
218320,0.38891997933387756
218422,0.37040001153945923
218522,0.3518799841403961
218622,0.3518799841403961
218723,0.3518799841403961
218828,0.3518799841403961
218927,0.3518799841403961
219033,0.3518799841403961
219033,0.3518799841403961
219135,0.3518799841403961
219235,0.37040001153945923
219334,0.37040001153945923
219435,0.3518799841403961
219435,0.3518799841403961
219537,0.3518799841403961
219637,0.3518799841403961
219637,0.3518799841403961
219736,0.3333600163459778
219837,0.37040001153945923
219943,0.38891997933387756
220043,0.37040001153945923
220147,0.4074400067329407
220249,0.5000399947166443
220355,0.518559992313385
220455,0.518559992313385
220560,0.518559992313385
220662,0.5000399947166443
220762,0.3518799841403961
220868,0.1666800081729889
220972,0.1666800081729889
221077,0.20372000336647034
221183,0.24075999855995178
221283,0.3148399889469147
221384,0.3148399889469147
221486,0.3148399889469147
221587,0.2778000235557556
221690,0.22224000096321106
221791,0.18520000576972961
221891,0.1666800081729889
221991,0.14815999567508698
222094,0.12963999807834625
222198,0.14815999567508698
222303,0.11112000048160553
222403,0.12963999807834625
222503,0.12963999807834625
222606,0.12963999807834625
222714,0.11112000048160553
222814,0.11112000048160553
222914,0.1666800081729889
223017,0.18520000576972961
223117,0.18520000576972961
223217,0.20372000336647034
223317,0.20372000336647034
223417,0.20372000336647034
223521,0.24075999855995178
223621,0.29631999135017395
223725,0.2592799961566925
223831,0.12963999807834625
223931,0.055560000240802765
224033,0.12963999807834625
224135,0.1666800081729889
224242,0.18520000576972961
224342,0.20372000336647034
224442,0.20372000336647034
224547,0.22224000096321106
224654,0.22224000096321106
224771,0.24075999855995178
224872,0.22224000096321106
224971,0.1666800081729889
225076,0.14815999567508698
225176,0.18520000576972961
225282,0.2778000235557556
225389,0.29631999135017395
225493,0.29631999135017395
225599,0.2778000235557556
225699,0.2592799961566925
225799,0.18520000576972961
225900,0.1666800081729889
225999,0.1666800081729889
226099,0.20372000336647034
226200,0.24075999855995178
226300,0.3148399889469147
226404,0.3148399889469147
226504,0.3518799841403961
226504,0.3518799841403961
226609,0.3518799841403961
226709,0.3148399889469147
226814,0.29631999135017395
226923,0.2778000235557556
227023,0.18520000576972961
227123,0.22224000096321106
227223,0.24075999855995178
227323,0.24075999855995178
227428,0.22224000096321106
227537,0.20372000336647034
227637,0.18520000576972961
227737,0.18520000576972961
227847,0.24075999855995178
227953,0.2778000235557556
228058,0.2778000235557556
228164,0.2778000235557556
228264,0.2778000235557556
228365,0.2778000235557556
228464,0.2778000235557556
228567,0.2778000235557556
228667,0.2592799961566925
228769,0.2592799961566925
228874,0.2592799961566925
228983,0.2778000235557556
229083,0.2778000235557556
229183,0.2778000235557556
229286,0.2778000235557556
229386,0.2778000235557556
229486,0.2778000235557556
229587,0.2778000235557556
229687,0.2778000235557556
229790,0.2778000235557556
229889,0.29631999135017395
229993,0.3148399889469147
230099,0.3518799841403961
230206,0.37040001153945923
230307,0.37040001153945923
230409,0.37040001153945923
230516,0.37040001153945923
230619,0.37040001153945923
230719,0.38891997933387756
230819,0.4259600043296814
230923,0.4259600043296814
231023,0.4444800019264221
231123,0.4444800019264221
231223,0.46299999952316284
231329,0.4444800019264221
231432,0.4444800019264221
231532,0.4259600043296814
231635,0.4074400067329407
231735,0.4074400067329407
231835,0.38891997933387756
231939,0.37040001153945923
232047,0.3518799841403961
232147,0.3333600163459778
232247,0.3148399889469147
232349,0.3148399889469147
232456,0.29631999135017395
232556,0.29631999135017395
232656,0.29631999135017395
232762,0.29631999135017395
232868,0.29631999135017395
232968,0.29631999135017395
233069,0.29631999135017395
233171,0.2778000235557556
233270,0.2778000235557556
233374,0.29631999135017395
233474,0.29631999135017395
233574,0.29631999135017395
233674,0.2778000235557556
233775,0.2778000235557556
233880,0.2778000235557556
233986,0.2592799961566925
234092,0.2592799961566925
234193,0.2592799961566925
234299,0.24075999855995178
234405,0.24075999855995178
234505,0.20372000336647034
234610,0.18520000576972961
234710,0.1666800081729889
234813,0.1666800081729889
234913,0.14815999567508698
235016,0.14815999567508698
235122,0.14815999567508698
235221,0.12963999807834625
235321,0.11112000048160553
235421,0.09260000288486481
235532,0.09260000288486481
235632,0.09260000288486481
235732,0.11112000048160553
235832,0.12963999807834625
235934,0.1666800081729889
236035,0.18520000576972961
236134,0.20372000336647034
236234,0.24075999855995178
236337,0.2592799961566925
236436,0.2592799961566925
236537,0.2592799961566925
236639,0.2778000235557556
236743,0.2778000235557556
236848,0.2778000235557556
236954,0.2778000235557556
237057,0.2592799961566925
237162,0.2592799961566925
237268,0.2592799961566925
237368,0.2592799961566925
237474,0.2592799961566925
237583,0.2592799961566925
237691,0.2592799961566925
237790,0.24075999855995178
237895,0.2592799961566925
237995,0.2592799961566925
238105,0.2592799961566925
238205,0.2592799961566925
238305,0.2592799961566925
238405,0.2592799961566925
238512,0.24075999855995178
238612,0.24075999855995178
238714,0.22224000096321106
238814,0.22224000096321106
238919,0.20372000336647034
239019,0.20372000336647034
239123,0.18520000576972961
239231,0.1666800081729889
239337,0.14815999567508698
239437,0.12963999807834625
239537,0.09260000288486481
239638,0.07407999783754349
239738,0.037039998918771744
239841,0.018519999459385872
239940,0.055560000240802765
240041,0.11112000048160553
240149,0.12963999807834625
240250,0.12963999807834625
240355,0.12963999807834625
240454,0.11112000048160553
240554,0.11112000048160553
240654,0.12963999807834625
240757,0.12963999807834625
240856,0.12963999807834625
240957,0.09260000288486481
241063,0.37040001153945923
241168,0.6667200326919556
241272,0.8333999514579773
241377,0.8333999514579773
241481,0.8148800134658813
241586,0.7778399586677551
241686,0.7778399586677551
241786,0.5370799899101257
241891,0.4259600043296814
241991,0.46299999952316284
241991,0.46299999952316284
242093,0.5000399947166443
242198,0.6481999754905701
242300,0.6296799778938293
242400,0.6296799778938293
242501,0.6481999754905701
242601,0.7408000230789185
242701,0.7408000230789185
242804,0.7593200206756592
242905,0.7778399586677551
243004,0.8519200086593628
243104,0.8333999514579773
243205,0.8333999514579773
243306,0.6481999754905701
243405,0.6667200326919556
243405,0.6667200326919556
243509,0.6667200326919556
243615,0.6296799778938293
243717,0.6296799778938293
243817,0.5000399947166443
243916,0.5000399947166443
244016,0.4444800019264221
244118,0.37040001153945923
244218,0.3518799841403961
244322,0.3518799841403961
244422,0.3333600163459778
244523,0.3148399889469147
244630,0.3333600163459778
244736,0.3333600163459778
244844,0.3518799841403961
244944,0.48151999711990356
245045,0.6296799778938293
245144,0.7593200206756592
245244,0.907480001449585
245349,0.9259999990463257
245454,0.9445199966430664
245554,0.9445199966430664
245655,0.9445199966430664
245760,0.9445199966430664
245868,0.9630399942398071
245969,1.2223200798034668
246068,1.2037999629974365
246172,1.2963999509811401
246278,1.5001200437545776
246378,1.5001200437545776
246493,1.5001200437545776
246595,1.4630800485610962
246698,1.3519600629806519
246800,1.2963999509811401
246902,1.2408400774002075
247001,1.1852799654006958
247101,1.2223200798034668
247206,1.3519600629806519
247305,1.3704800605773926
247405,1.3519600629806519
247505,1.3334400653839111
247613,1.2593599557876587
247713,1.1482399702072144
247814,1.1482399702072144
247914,0.9630399942398071
248017,0.8704400062561035
248119,0.9259999990463257
248219,0.9630399942398071
248319,0.9630399942398071
248419,0.9630399942398071
248523,0.907480001449585
248631,0.8148800134658813
248738,0.7593200206756592
248838,0.8889600038528442
248939,0.8704400062561035
249039,0.8333999514579773
249144,0.8519200086593628
249243,0.8889600038528442
249348,0.8889600038528442
249452,0.8704400062561035
249558,0.8519200086593628
249665,0.7963600158691406
249765,0.722279965877533
249865,0.6481999754905701
249968,0.5741199851036072
250068,0.5370799899101257
250168,0.4444800019264221
250270,0.3518799841403961
250369,0.3518799841403961
250469,0.3148399889469147
250571,0.2778000235557556
250671,0.22224000096321106
250771,0.24075999855995178
250871,0.22224000096321106
250971,0.1666800081729889
251074,0.09260000288486481
251180,0.09260000288486481
251280,0.07407999783754349
251386,0.07407999783754349
251485,0.07407999783754349
251591,0.09260000288486481
251692,0.09260000288486481
251794,0.07407999783754349
251904,0.055560000240802765
252004,0.07407999783754349
252109,0.07407999783754349
252213,0.018519999459385872
252319,0.0
252425,0.018519999459385872
252526,0.018519999459385872
252631,0.055560000240802765
252740,0.11112000048160553
252847,0.037039998918771744
252947,0.055560000240802765
253052,0.018519999459385872
253159,0.07407999783754349
253263,0.07407999783754349
253363,0.018519999459385872
253463,0.018519999459385872
253564,0.037039998918771744
253663,0.037039998918771744
253763,0.0
253865,0.0
253964,0.018519999459385872
254067,0.018519999459385872
254166,0.037039998918771744
254266,0.037039998918771744
254369,0.018519999459385872
254473,0.018519999459385872
254573,0.018519999459385872
254673,0.018519999459385872
254780,0.018519999459385872
254886,0.037039998918771744
254986,0.018519999459385872
255087,0.037039998918771744
255192,0.018519999459385872
255292,0.018519999459385872
255392,0.037039998918771744
255493,0.037039998918771744
255593,0.055560000240802765
255698,0.0
255800,0.037039998918771744
255900,0.055560000240802765
256005,0.037039998918771744
256104,0.055560000240802765
256204,0.055560000240802765
256204,0.055560000240802765
256304,0.07407999783754349
256404,0.055560000240802765
256506,0.018519999459385872
256608,0.018519999459385872
256715,0.07407999783754349
256815,0.055560000240802765
256915,0.07407999783754349
257018,0.037039998918771744
257129,0.037039998918771744
257229,0.037039998918771744
257333,0.037039998918771744
257437,0.018519999459385872
257537,0.018519999459385872
257644,0.037039998918771744
257753,0.037039998918771744
257861,0.018519999459385872
257960,0.018519999459385872
258065,0.037039998918771744
258164,0.07407999783754349
258268,0.07407999783754349
258371,0.07407999783754349
258477,0.055560000240802765
258587,0.07407999783754349
258692,0.09260000288486481
258799,0.07407999783754349
258908,0.055560000240802765
259015,0.0
259115,0.037039998918771744
259221,0.037039998918771744
259329,0.037039998918771744
259429,0.037039998918771744
259529,0.018519999459385872
259629,0.055560000240802765
259736,0.09260000288486481
259839,0.07407999783754349
259938,0.11112000048160553
260044,0.11112000048160553
260148,0.09260000288486481
260254,0.055560000240802765
260361,0.055560000240802765
260462,0.055560000240802765
260567,0.07407999783754349
260673,0.07407999783754349
260773,0.055560000240802765
260880,0.055560000240802765
260985,0.12963999807834625
261085,0.12963999807834625
261189,0.11112000048160553
261289,0.09260000288486481
261389,0.11112000048160553
261489,0.037039998918771744
261589,0.12963999807834625
261692,0.12963999807834625
261798,0.07407999783754349
261898,0.018519999459385872
262003,0.07407999783754349
262102,0.12963999807834625
262202,0.12963999807834625
262303,0.12963999807834625
262407,0.037039998918771744
262514,0.018519999459385872
262614,0.037039998918771744
262714,0.037039998918771744
262816,0.037039998918771744
262916,0.037039998918771744
263016,0.037039998918771744
263117,0.037039998918771744
263224,0.018519999459385872
263323,0.0
263424,0.0
263530,0.0
263638,0.0
263745,0.0
263845,0.018519999459385872
263948,0.018519999459385872
264052,0.037039998918771744
264152,0.018519999459385872
264255,0.037039998918771744
264357,0.037039998918771744
264459,0.055560000240802765
264560,0.037039998918771744
264664,0.037039998918771744
264764,0.037039998918771744
264864,0.037039998918771744
264964,0.018519999459385872
265066,0.037039998918771744
265166,0.037039998918771744
265266,0.018519999459385872
265368,0.018519999459385872
265467,0.018519999459385872
265567,0.018519999459385872
265670,0.018519999459385872
265774,0.0
265879,0.018519999459385872
265978,0.0
266085,0.018519999459385872
266191,0.018519999459385872
266299,0.018519999459385872
266398,0.018519999459385872
266504,0.0
266613,0.037039998918771744
266721,0.018519999459385872
266820,0.018519999459385872
266920,0.018519999459385872
267021,0.0
267121,0.018519999459385872
267227,0.037039998918771744
267331,0.018519999459385872
267436,0.037039998918771744
267536,0.037039998918771744
267641,0.037039998918771744
267748,0.018519999459385872
267848,0.037039998918771744
267951,0.037039998918771744
268060,0.037039998918771744
268160,0.037039998918771744
268260,0.037039998918771744
268361,0.037039998918771744
268468,0.037039998918771744
268568,0.037039998918771744
268668,0.037039998918771744
268773,0.037039998918771744
268873,0.037039998918771744
268973,0.037039998918771744
269074,0.037039998918771744
269179,0.055560000240802765
269281,0.037039998918771744
269387,0.037039998918771744
269491,0.037039998918771744
269597,0.055560000240802765
269705,0.037039998918771744
269805,0.055560000240802765
269905,0.055560000240802765
270010,0.037039998918771744
270119,0.055560000240802765
270219,0.055560000240802765
270319,0.055560000240802765
270421,0.055560000240802765
270527,0.037039998918771744
270627,0.037039998918771744
270732,0.037039998918771744
270832,0.055560000240802765
270932,0.055560000240802765
271032,0.055560000240802765
271132,0.055560000240802765
271232,0.055560000240802765
271332,0.055560000240802765
271443,0.055560000240802765
271543,0.07407999783754349
271643,0.07407999783754349
271747,0.07407999783754349
271846,0.07407999783754349
271946,0.07407999783754349
272048,0.07407999783754349
272147,0.09260000288486481
272248,0.09260000288486481
272353,0.09260000288486481
272458,0.09260000288486481
272557,0.11112000048160553
272661,0.11112000048160553
272761,0.11112000048160553
272861,0.11112000048160553
272962,0.11112000048160553
273061,0.11112000048160553
273162,0.11112000048160553
273270,0.12963999807834625
273370,0.12963999807834625
273470,0.12963999807834625
273570,0.12963999807834625
273676,0.12963999807834625
273784,0.12963999807834625
273895,0.14815999567508698
274005,0.14815999567508698
274104,0.14815999567508698
274204,0.11112000048160553
274308,0.11112000048160553
274408,0.12963999807834625
274513,0.12963999807834625
274614,0.1666800081729889
274720,0.1666800081729889
274819,0.11112000048160553
274919,0.18520000576972961
275019,0.38891997933387756
275122,0.4074400067329407
275221,0.3518799841403961
275321,0.3518799841403961
275423,0.3518799841403961
275523,0.3333600163459778
275623,0.29631999135017395
275725,0.2592799961566925
275831,0.18520000576972961
275931,0.18520000576972961
276037,0.20372000336647034
276147,0.18520000576972961
276256,0.14815999567508698
276363,0.14815999567508698
276464,0.11112000048160553
276569,0.11112000048160553
276669,0.09260000288486481
276769,0.11112000048160553
276869,0.12963999807834625
276971,0.12963999807834625
277071,0.24075999855995178
277171,0.12963999807834625
277276,0.14815999567508698
277376,0.14815999567508698
277481,0.12963999807834625
277587,0.12963999807834625
277688,0.12963999807834625
277794,0.11112000048160553
277893,0.11112000048160553
277997,0.09260000288486481
278105,0.09260000288486481
278212,0.055560000240802765
278312,0.07407999783754349
278417,0.09260000288486481
278517,0.07407999783754349
278617,0.055560000240802765
278717,0.12963999807834625
278827,0.12963999807834625
278927,0.09260000288486481
279029,0.07407999783754349
279129,0.018519999459385872
279229,0.07407999783754349
279334,0.055560000240802765
279437,0.037039998918771744
279551,0.037039998918771744
279654,0.055560000240802765
279754,0.055560000240802765
279858,0.055560000240802765
279961,0.055560000240802765
280060,0.055560000240802765
280165,0.07407999783754349
280265,0.018519999459385872
280265,0.018519999459385872
280369,0.037039998918771744
280369,0.037039998918771744
280472,0.037039998918771744
280472,0.037039998918771744
280571,0.037039998918771744
280673,0.09260000288486481
280773,0.11112000048160553
280873,0.09260000288486481
280974,0.055560000240802765
281077,0.07407999783754349
281077,0.07407999783754349
281177,0.1666800081729889
281284,0.20372000336647034
281386,0.20372000336647034
281487,0.22224000096321106
281587,0.22224000096321106
281687,0.22224000096321106
281788,0.22224000096321106
281889,0.2592799961566925
281989,0.2592799961566925
282088,0.2778000235557556
282190,0.29631999135017395
282290,0.29631999135017395
282391,0.29631999135017395
282491,0.3148399889469147
282592,0.3148399889469147
282692,0.3333600163459778
282792,0.3518799841403961
282892,0.3148399889469147
282993,0.22224000096321106
283095,0.09260000288486481
283195,0.055560000240802765
283297,0.07407999783754349
283396,0.07407999783754349
283500,0.07407999783754349
283600,0.09260000288486481
283703,0.11112000048160553
283802,0.3333600163459778
283907,0.3333600163459778
284011,0.38891997933387756
284116,0.4444800019264221
284221,0.46299999952316284
284325,0.48151999711990356
284425,0.48151999711990356
284529,0.5370799899101257
284631,0.6111600399017334
284731,0.6667200326919556
284831,0.6667200326919556
284931,0.5926399827003479
285033,0.5741199851036072
285132,0.5370799899101257
285233,0.518559992313385
285335,0.518559992313385
285437,0.5000399947166443
285536,0.5556000471115112
285536,0.5556000471115112
285641,0.5926399827003479
285641,0.5926399827003479
285745,1.1297199726104736
285745,1.1297199726104736
285845,1.6853200197219849
285948,1.8519999980926514
286049,1.9445998668670654
286148,1.9631198644638062
286252,1.9445998668670654
286358,1.9260799884796143
286460,1.9075599908828735
286560,1.981640100479126
286661,2.055720090866089
286768,2.1112799644470215
286872,2.166839838027954
286977,2.2038800716400146
287081,2.166839838027954
287186,2.148319959640503
287293,2.055720090866089
287392,2.0186800956726074
287494,2.000159978866577
287594,1.3334400653839111
287694,1.1112000942230225
287796,1.0926799774169922
287895,1.4630800485610962
287997,2.0186800956726074
288097,2.9261600971221924
288198,3.148400068283081
288302,2.7594799995422363
288402,2.6113200187683105
288506,2.1112799644470215
288506,2.1112799644470215
288609,0.8704400062561035
288609,0.8704400062561035
288708,0.2778000235557556
288809,0.2592799961566925
288910,1.1112000942230225
289009,1.1112000942230225
289009,1.1112000942230225
289112,6.037519931793213
289112,6.037519931793213
289211,6.25976037979126
289312,6.222719669342041
289412,6.25976037979126
289512,5.704159736633301
289613,4.981880187988281
289713,5.130040168762207
289814,5.259679794311523
289915,5.130040168762207
290014,4.870760440826416
290115,4.44480037689209
290218,3.907719850540161
290319,3.5928800106048584
290418,3.1854400634765625
290518,2.815039873123169
290622,2.426119804382324
290722,2.07423996925354
290827,1.8890399932861328
290827,1.8890399932861328
290930,1.9075599908828735
291032,1.81496000289917
291139,1.9075599908828735
291243,2.166839838027954
291349,2.2594399452209473
291456,2.2594399452209473
291564,2.4631600379943848
291663,2.7594799995422363
291769,2.9261600971221924
291873,2.981719970703125
291975,3.055799961090088
292075,3.2780399322509766
292176,3.4447200298309326
292277,3.240999937057495
292376,3.0002400875091553
292481,3.0002400875091553
292585,2.981719970703125
292688,2.981719970703125
292793,3.4447200298309326
292899,4.204040050506592
293003,4.241079807281494
293107,5.018919944763184
293213,6.945000171661377
293319,7.0931596755981445
293420,7.29688024520874
293523,7.370960235595703
293523,7.370960235595703
293622,7.630239963531494
293722,7.741359710693359
293824,7.889520645141602
293924,7.29688024520874
294024,6.852400302886963
294125,6.389400005340576
294225,6.0004801750183105
294336,5.870840072631836
294435,5.44488000869751
294542,5.074480056762695
294645,4.852239608764648
294745,4.481840133666992
294846,4.574440002441406
294949,4.574440002441406
295052,4.611480236053467
295159,4.796679973602295
295265,4.981880187988281
295372,5.000400066375732
295472,5.018919944763184
295578,5.000400066375732
295680,5.259679794311523
295781,5.556000232696533
295881,5.518959999084473
295982,5.648600101470947
296082,5.722679615020752
296183,5.778239727020264
296284,5.889359951019287
296383,6.0004801750183105
296383,6.0004801750183105
296485,6.20419979095459
296485,6.20419979095459
296584,6.463479995727539
296684,6.556079864501953
296785,6.648679733276367
296885,7.056119918823242
296987,7.29688024520874
297087,8.88960075378418
297187,9.130359649658203
297289,9.074800491333008
297388,9.000720024108887
297488,8.500679969787598
297590,8.29695987701416
297690,8.445119857788086
297793,8.000639915466309
297892,8.093239784240723
297999,7.722840309143066
298101,7.463560581207275
298202,7.685800075531006
298301,9.11184024810791
298403,9.11184024810791
298503,8.667359352111816
298604,8.574760437011719
298705,8.463640213012695
298807,6.426440238952637
298907,5.1855998039245605
298907,5.1855998039245605
299007,4.555920124053955
299109,4.555920124053955
299215,4.129960060119629
299317,4.166999816894531
299420,4.129960060119629
299526,4.092920303344727
299629,4.055880069732666
299733,3.8336398601531982
299838,3.796599864959717
299942,3.8521599769592285
300050,3.7039999961853027
300153,2.889119863510132
300253,2.6113200187683105
300356,2.5187199115753174
300460,2.555759906768799
300563,2.815039873123169
300663,3.074319839477539
300763,3.8521599769592285
300864,4.704080104827881
300963,5.833800315856934
301065,6.667199611663818
301065,6.667199611663818
301165,6.870920181274414
301272,7.222800254821777
301375,7.2413201332092285
301478,7.222800254821777
301586,7.2413201332092285
301690,7.29688024520874
301795,7.889520645141602
301900,9.241479873657227
302005,8.79699993133545
302108,8.500679969787598
302108,8.500679969787598
302208,8.222880363464355
302309,8.204360008239746
302411,7.556159973144531
302514,6.556079864501953
302613,5.204119682312012
302719,4.278120040893555
302822,3.2595200538635254
302921,3.1854400634765625
303023,2.9261600971221924
303124,2.648360013961792
303223,2.5927999019622803
303326,2.6113200187683105
303425,2.426119804382324
303532,2.1853599548339844
303636,2.148319959640503
303736,2.0371999740600586
303836,1.9075599908828735
303936,1.3704800605773926
304037,1.0000799894332886
304140,0.7408000230789185
304243,1.8890399932861328
304342,1.9445998668670654
304444,2.1297998428344727
304543,2.0371999740600586
304644,1.8519999980926514
304749,1.6667999029159546
304852,0.7593200206756592
304957,0.48151999711990356
305060,2.148319959640503
305160,3.148400068283081
305263,4.315159797668457
305363,4.278120040893555
305467,3.796599864959717
305573,2.907639980316162
305673,2.166839838027954
305776,1.5742000341415405
305776,1.5742000341415405
305875,1.2408400774002075
305975,1.5742000341415405
306078,2.222400188446045
306178,2.481680154800415
306277,2.722440004348755
306379,2.7780001163482666
306479,2.8705999851226807
306579,2.7965199947357178
306681,2.7594799995422363
306781,2.7039201259613037
306884,2.889119863510132
306990,3.0187599658966064
307092,3.4262001514434814
307092,3.4262001514434814
307192,3.8336398601531982
307293,4.166999816894531
307394,4.092920303344727
307493,3.4447200298309326
307598,3.2595200538635254
307703,2.5372400283813477
307809,2.426119804382324
307909,2.6854000091552734
308011,2.833559989929199
308117,3.5928800106048584
308220,4.852239608764648
308325,4.815199851989746
308429,4.722599983215332
308533,4.574440002441406
308636,4.500360012054443
308739,4.296639919281006
308739,4.296639919281006
308838,4.000319957733154
308938,3.7780799865722656
309041,3.5928800106048584
309142,3.1669201850891113
309241,2.7039201259613037
309341,2.4631600379943848
309441,2.240920066833496
309541,2.2594399452209473
309648,2.0371999740600586
309747,1.5371599197387695
309851,0.8519200086593628
309954,0.3333600163459778
310053,0.24075999855995178
310155,0.722279965877533
310255,0.9630399942398071
310358,0.9815599322319031
310461,0.9630399942398071
310569,0.907480001449585
310669,0.8333999514579773
310771,0.7778399586677551
310870,0.7037599682807922
310970,0.8148800134658813
311076,0.7963600158691406
311180,0.6852400302886963
311285,0.5926399827003479
311390,0.5556000471115112
311494,0.37040001153945923
311600,0.2592799961566925
311700,0.8519200086593628
311803,2.0186800956726074
311902,3.7780799865722656
312002,6.407919883728027
312104,6.407919883728027
312206,12.575079917907715
312305,12.871399879455566
312410,13.612199783325195
312514,16.167959213256836
312617,19.3533992767334
312717,19.445999145507812
312817,19.53860092163086
312917,20.094200134277344
313018,21.26095962524414
313117,21.29800033569336
313219,21.31652069091797
313319,21.353559494018555
313420,21.372079849243164
313520,21.501718521118164
313619,21.464679718017578
313721,22.07583999633789
313821,22.779600143432617
313921,22.853679656982422
314021,24.131559371948242
314021,24.131559371948242
314124,24.113040924072266
314124,24.113040924072266
314223,24.483440399169922
314324,24.538999557495117
314424,24.63159942626953
314527,24.761240005493164
314627,25.03904151916504
314627,25.03904151916504
314733,25.4835205078125
314836,25.539079666137695
314935,25.835399627685547
315036,25.92799949645996
315139,26.74287986755371
315238,27.66887855529785
315339,27.72443962097168
315438,27.798521041870117
315539,27.872600555419922
315642,27.965200424194336
315744,28.3541202545166
315843,28.428199768066406
315946,28.724519729614258
316045,28.85416030883789
316146,28.98379898071289
316252,29.094919204711914
316356,29.16900062561035
316461,29.20604133605957
316564,29.33568000793457
316668,29.79867935180664
316774,29.909799575805664
316874,31.243242263793945
316874,31.243242263793945
316976,31.835880279541016
316976,31.835880279541016
317076,32.94708251953125
317176,33.81752014160156
317276,33.83604049682617
317376,33.910118103027344
317478,34.280521392822266
317478,34.280521392822266
317578,34.280521392822266
317678,34.22496032714844
317779,34.150882720947266
317879,33.632320404052734
317981,33.521202087402344
318081,32.20627975463867
318182,30.094999313354492
318283,29.78015899658203
318382,29.70608139038086
318484,29.076398849487305
318583,28.391159057617188
318683,27.946680068969727
318783,27.520719528198242
318883,26.90955924987793
318985,26.26136016845703
319085,25.520559310913086
319185,24.279720306396484
319285,23.575958251953125
319385,23.131479263305664
319487,22.57588005065918
319586,21.92768096923828
319687,21.1127986907959
319787,20.038639068603516
319888,19.742319107055664
319988,19.260799407958984
320089,19.2237606048584
320191,19.168201446533203
320291,19.131160736083984
320403,18.982999801635742
320503,18.427400588989258
320608,18.445920944213867
320712,17.74216079711914
320814,17.77920150756836
320916,17.686599731445312
321015,17.55695915222168
321118,17.42732048034668
321217,17.131000518798828
321319,17.075441360473633
321425,16.982839584350586
321528,16.871719360351562
321635,16.760601043701172
321739,16.44576072692871
321838,16.316120147705078
321938,15.834600448608398
322038,15.538280487060547
322140,15.241959571838379
322243,14.167799949645996
322350,12.112079620361328
322449,10.926799774169922
322552,9.685959815979004
322652,8.815520286560059
322752,8.241399765014648
322854,8.093239784240723
322954,7.593199729919434
323058,6.926479816436768
323163,6.556079864501953
323266,6.48199987411499
323365,6.352360248565674
323466,5.9078803062438965
323567,5.407840251922607
323667,5.037439823150635
323768,4.555920124053955
323867,4.241079807281494
323967,4.222559928894043
324068,4.759639739990234
324167,5.1855998039245605
324269,5.315239906311035
324269,5.315239906311035
324369,5.389320373535156
324471,5.48192024230957
324572,5.833800315856934
324671,6.1671600341796875
324771,6.1671600341796875
324871,6.24124002456665
324971,5.5930399894714355
325074,6.25976037979126
325074,6.25976037979126
325173,5.222640037536621
325273,4.4262800216674805
325378,4.407760143280029
325478,4.296639919281006
325578,3.722519874572754
325681,3.240999937057495
325785,2.7780001163482666
325887,2.407599925994873
325987,2.07423996925354
326088,1.9631198644638062
326194,1.6667999029159546
326298,1.5927200317382812
326404,1.5186400413513184
326510,1.3149199485778809
326615,1.2223200798034668
326717,1.1297199726104736
326820,1.0185999870300293
326921,0.9259999990463257
327023,0.8148800134658813
327122,0.722279965877533
327222,0.6481999754905701
327322,0.5926399827003479
327422,0.5556000471115112
327525,0.5370799899101257
327627,0.5000399947166443
327726,0.46299999952316284
327830,0.4259600043296814
327935,0.38891997933387756
328035,0.3518799841403961
328138,0.29631999135017395
328246,0.2592799961566925
328348,0.24075999855995178
328447,0.22224000096321106
328548,0.20372000336647034
328651,0.20372000336647034
328757,0.1666800081729889
328861,0.1666800081729889
328967,0.1666800081729889
329071,0.29631999135017395
329176,0.3148399889469147
329284,0.38891997933387756
329384,0.4074400067329407
329487,0.4074400067329407
329592,0.4074400067329407
329695,0.4259600043296814
329695,0.4259600043296814
329794,0.4259600043296814
329895,0.518559992313385
329995,0.5370799899101257
330094,0.5926399827003479
330196,0.6111600399017334
330296,1.0185999870300293
330397,1.2408400774002075
330504,1.9445998668670654
330606,2.815039873123169
330708,3.481760025024414
330809,3.240999937057495
330909,3.0187599658966064
331008,3.0187599658966064
331112,3.055799961090088
331218,3.0372800827026367
331321,3.0372800827026367
331424,3.0372800827026367
331530,2.9261600971221924
331634,2.740960121154785
331739,2.407599925994873
331842,2.055720090866089
331944,0.0
332044,0.0
332144,0.018519999459385872
332244,0.018519999459385872
332344,0.018519999459385872
332445,0.018519999459385872
332445,0.018519999459385872
332545,0.0
332645,0.0
332748,0.018519999459385872
332848,0.018519999459385872
332948,0.018519999459385872
332948,0.018519999459385872
333048,0.018519999459385872
333148,0.037039998918771744
333254,0.037039998918771744
333354,0.037039998918771744
333459,0.037039998918771744
333561,0.055560000240802765
333662,0.055560000240802765
333761,0.055560000240802765
333863,0.055560000240802765
333963,0.055560000240802765
334069,0.055560000240802765
334173,0.055560000240802765
334276,0.037039998918771744
334375,0.037039998918771744
334479,0.055560000240802765
334579,0.055560000240802765
334680,0.055560000240802765
334787,0.055560000240802765
334892,0.037039998918771744
334997,0.037039998918771744
335102,0.037039998918771744
335211,0.037039998918771744
335310,0.037039998918771744
335310,0.037039998918771744
335414,0.037039998918771744
335414,0.037039998918771744
335519,0.037039998918771744
335519,0.037039998918771744
335621,0.037039998918771744
335621,0.037039998918771744
335720,0.037039998918771744
335826,0.055560000240802765
335925,0.07407999783754349
336030,0.07407999783754349
336133,0.09260000288486481
336232,0.11112000048160553
336333,0.11112000048160553
336436,0.11112000048160553
336535,0.11112000048160553
336636,0.11112000048160553
336737,0.09260000288486481
336837,0.09260000288486481
336936,0.09260000288486481
337037,0.07407999783754349
337138,0.055560000240802765
337238,0.037039998918771744
337337,0.037039998918771744
337438,0.037039998918771744
337541,0.037039998918771744
337640,0.037039998918771744
337741,0.018519999459385872
337840,0.018519999459385872
337941,0.018519999459385872
338041,0.037039998918771744
338141,0.037039998918771744
338243,0.037039998918771744
338346,0.037039998918771744
338445,0.037039998918771744
338545,0.037039998918771744
338652,0.037039998918771744
338755,0.037039998918771744
338860,0.037039998918771744
338965,0.037039998918771744
339069,0.037039998918771744
339176,0.037039998918771744
339276,0.0
339378,0.0
339378,0.0
339478,0.0
339579,0.0
339680,0.0
339779,0.0
339779,0.0
339881,0.0
339980,0.0
340080,0.0
340185,0.018519999459385872
340285,0.055560000240802765
340387,0.055560000240802765
340491,0.055560000240802765
340594,0.0
340594,0.0
340694,0.0
340794,0.0
340899,0.0
340999,0.0
341099,0.0
341205,0.0
341307,0.055560000240802765
341407,0.07407999783754349
341507,0.07407999783754349
341609,0.0
341709,0.0
341809,0.0
341913,0.0
342019,0.0
342123,0.0
342228,0.0
342332,0.0
342437,0.0
342540,0.018519999459385872
342643,0.018519999459385872
342742,0.037039998918771744
342842,0.037039998918771744
342945,0.037039998918771744
343046,0.07407999783754349
343145,0.07407999783754349
343245,0.09260000288486481
343347,0.0
343449,0.0
343548,0.018519999459385872
343652,0.0
343756,0.0
343859,0.0
343959,0.0
344066,0.0
344169,0.0
344272,0.0
344377,0.0
344481,0.0
344587,0.018519999459385872
344691,0.037039998918771744
344796,0.037039998918771744
344896,0.037039998918771744
345002,0.037039998918771744
345002,0.037039998918771744
345104,0.037039998918771744
345104,0.037039998918771744
345204,0.055560000240802765
345305,0.055560000240802765
345405,0.055560000240802765
345507,0.055560000240802765
345607,0.07407999783754349
345707,0.07407999783754349
345808,0.09260000288486481
345907,0.11112000048160553
346008,0.11112000048160553
346110,0.14815999567508698
346210,1.5371599197387695
346314,1.5742000341415405
346418,1.6297600269317627
346521,1.6667999029159546
346621,1.740880012512207
346721,1.7779200077056885
346822,1.8334800004959106
346921,1.8334800004959106
347023,1.8519999980926514
347023,1.8519999980926514
347123,1.8519999980926514
347228,1.870519995689392
347336,1.870519995689392
347436,1.870519995689392
347539,1.8519999980926514
347638,1.81496000289917
347738,1.7223600149154663
347844,1.7038400173187256
347948,1.7223600149154663
348055,1.7223600149154663
348158,1.7223600149154663
348263,1.7223600149154663
348363,1.7223600149154663
348467,1.740880012512207
348570,1.740880012512207
348671,1.740880012512207
348770,1.740880012512207
348872,1.7223600149154663
348971,1.740880012512207
349071,1.740880012512207
349173,1.7223600149154663
349279,1.6667999029159546
349388,1.6667999029159546
349497,1.6667999029159546
349602,1.6482800245285034
349705,1.6482800245285034
349811,1.6297600269317627
349919,1.611240029335022
350026,1.611240029335022
350126,1.611240029335022
350232,1.5927200317382812
350341,1.5927200317382812
350449,1.5927200317382812
350549,1.5742000341415405
350652,1.5742000341415405
350752,1.5556799173355103
350852,1.5556799173355103
350958,1.5371599197387695
351062,1.5371599197387695
351167,1.5186400413513184
351271,1.5001200437545776
351375,1.5001200437545776
351484,1.481600046157837
351584,1.481600046157837
351688,1.4630800485610962
351795,1.4260399341583252
351894,1.3149199485778809
351998,1.2778799533843994
352105,1.2593599557876587
352207,1.2408400774002075
352306,1.2223200798034668
352406,1.2223200798034668
352506,1.1852799654006958
352606,1.1852799654006958
352708,1.1482399702072144
352809,1.0185999870300293
352909,0.9630399942398071
353008,1.03711998462677
353110,1.1297199726104736
353213,1.3519600629806519
353320,1.3704800605773926
353424,1.444559931755066
353530,1.5186400413513184
353633,1.611240029335022
353738,1.7038400173187256
353838,1.8334800004959106
353943,2.148319959640503
353943,2.148319959640503
354045,2.833559989929199
354045,2.833559989929199
354145,3.0372800827026367
354246,3.2780399322509766
354345,3.555840015411377
354445,4.037360191345215
354547,4.14847993850708
354647,8.29695987701416
354747,12.760279655456543
354847,13.593680381774902
354947,14.85304069519043
355049,16.056840896606445
355149,16.61244010925293
355249,17.260639190673828
355349,17.5939998626709
355449,18.297760009765625
355550,18.853361129760742
355651,20.16828155517578
355754,22.464759826660156
355857,23.87228012084961
355956,25.13163948059082
356061,25.816879272460938
356164,26.539159774780273
356164,26.539159774780273
356263,26.668798446655273
356365,27.002159118652344
356466,27.354040145874023
356565,27.946680068969727
356668,28.446720123291016
356668,28.446720123291016
356767,29.03936004638672
356868,29.502361297607422
356968,30.057958602905273
357068,31.020999908447266
357169,31.521039962768555
357169,31.521039962768555
357269,31.984041213989258
357370,32.11368179321289
357470,33.03968048095703
357569,33.484161376953125
357671,34.150882720947266
357771,34.280521392822266
357872,34.76203918457031
357971,34.87316131591797
358073,35.391719818115234
358073,35.391719818115234
358173,35.48432159423828
358274,35.87324142456055
358376,35.89175796508789
358475,35.92879867553711
358580,35.96583938598633
358685,35.96583938598633
358787,35.96583938598633
358887,36.00288009643555
358988,36.021400451660156
359095,36.021400451660156
359200,36.021400451660156
359306,34.669437408447266
359410,34.299041748046875
359515,33.780479431152344
359615,33.465641021728516
359719,32.74336242675781
359719,32.74336242675781
359822,30.595041275024414
359822,30.595041275024414
359921,23.81671905517578
360021,22.353639602661133
360121,22.353639602661133
360221,22.316600799560547
360323,22.26104164123535
360323,22.26104164123535
360423,22.18695831298828
360523,21.31652069091797
360626,18.464441299438477
360726,15.112319946289062
360830,15.575319290161133
360935,17.538440704345703
361038,18.24220085144043
361137,19.075599670410156
361240,19.094120025634766
361350,18.797800064086914
361450,18.779279708862305
361554,18.7052001953125
361654,18.631120681762695
361754,18.575559616088867
361856,18.482959747314453
361955,18.39035987854004
362058,18.279239654541016
362162,18.168121337890625
362268,17.87179946899414
362372,17.797719955444336
362477,17.668079376220703
362585,16.075361251831055
362684,14.575240135192871
362684,14.575240135192871
362789,13.760359764099121
362894,13.723320007324219
362997,13.667759895324707
363096,13.519599914550781
363197,13.519599914550781
363298,12.74176025390625
363398,12.686200141906738
363398,12.686200141906738
363498,12.260239601135254
363598,12.334320068359375
363704,12.000960350036621
363808,11.445359230041504
363911,10.64900016784668
364018,9.519279479980469
364121,9.630399703979492
364227,10.019319534301758
364331,10.000800132751465
364435,10.019319534301758
364544,10.334159851074219
364643,10.686039924621582
364743,11.167560577392578
364843,11.537960052490234
364943,11.667600631713867
365043,12.204680442810059
365145,12.18616008758545
365247,12.056520462036133
365353,11.982439994812012
365455,11.945399284362793
365558,11.90835952758789
365658,11.834280014038086
365765,11.519439697265625
365873,11.445359230041504
365977,11.334239959716797
366082,10.611960411071777
366188,10.241559982299805
366290,9.871159553527832
366394,9.871159553527832
366494,9.83411979675293
366600,9.741520881652832
366702,9.408160209655762
366803,9.01923942565918
366906,8.593279838562012
367005,8.093239784240723
367108,7.389480113983154
367214,8.482159614562988
367316,8.482159614562988
367416,8.408080101013184
367520,8.38956069946289
367630,8.019160270690918
367730,8.037680625915527
367833,8.05620002746582
367932,8.07472038269043
368038,8.111760139465332
368142,8.148799896240234
368248,8.167319297790527
368350,8.204360008239746
368455,8.241399765014648
368555,8.259920120239258
368658,8.222880363464355
368761,7.778399467468262
368861,7.6487603187561035
368961,7.556159973144531
369063,7.519119739532471
369063,7.519119739532471
369163,7.482079982757568
369263,7.482079982757568
369365,7.463560581207275
369469,7.445039749145508
369569,7.426520347595215
369675,7.370960235595703
369776,7.333920001983643
369877,7.315400123596191
369976,7.29688024520874
369976,7.29688024520874
370078,7.29688024520874
370078,7.29688024520874
370178,7.278359889984131
370279,7.278359889984131
370380,7.25984001159668
370479,7.2413201332092285
370581,6.852400302886963
370681,6.407919883728027
370783,6.352360248565674
370886,6.019000053405762
370990,6.111599922180176
371092,5.96343994140625
371192,5.870840072631836
371294,5.796760082244873
371396,5.741199970245361
371495,5.630079746246338
371596,5.037439823150635
371696,4.44480037689209
371796,4.407760143280029
371896,4.111440181732178
371996,3.963280200958252
372098,3.055799961090088
372201,2.9261600971221924
372300,2.815039873123169
372406,2.740960121154785
372511,2.6668801307678223
372618,2.5927999019622803
372720,2.5372400283813477
372826,2.481680154800415
372928,2.4446401596069336
373031,2.426119804382324
373131,2.407599925994873
373231,2.407599925994873
373334,2.407599925994873
373435,2.389080047607422
373534,2.389080047607422
373636,2.389080047607422
373736,2.3705599308013916
373836,2.3520400524139404
373937,2.33351993560791
374036,2.315000057220459
374136,2.2964799404144287
374237,2.2594399452209473
374337,2.222400188446045
374437,2.148319959640503
374540,1.7594000101089478
374639,1.6297600269317627
374739,1.2593599557876587
374739,1.2593599557876587
374839,1.1297199726104736
374939,0.8333999514579773
375042,0.7593200206756592
375144,0.6481999754905701
375244,0.5741199851036072
375344,0.518559992313385
375451,0.46299999952316284
375553,0.0
375653,0.0
375755,0.0
375855,0.0
375954,0.0
375954,0.0
376056,0.0
376056,0.0
376156,0.12963999807834625
376258,0.1666800081729889
376358,0.1666800081729889
376458,0.1666800081729889
376458,0.1666800081729889
376561,0.22224000096321106
376661,0.24075999855995178
376764,0.24075999855995178
376868,0.2592799961566925
376968,0.2592799961566925
377068,0.2592799961566925
377170,0.29631999135017395
377274,0.29631999135017395
377373,0.3148399889469147
377473,0.2592799961566925
377573,0.24075999855995178
377674,0.18520000576972961
377776,0.18520000576972961
377875,0.20372000336647034
377975,0.24075999855995178
378075,0.2592799961566925
378175,0.37040001153945923
378275,0.3148399889469147
378377,0.3148399889469147
378477,0.3333600163459778
378577,0.3333600163459778
378682,0.37040001153945923
378782,0.4259600043296814
378885,0.48151999711990356
378992,0.518559992313385
379098,0.5370799899101257
379204,0.5741199851036072
379311,0.5741199851036072
379411,0.0
379512,0.0
379615,0.0
379715,0.0
379820,0.0
379923,0.0
380024,0.0
380124,0.0
380229,0.0
380334,0.0
380434,0.0
380537,0.018519999459385872
380636,0.037039998918771744
380737,0.055560000240802765
380838,0.07407999783754349
380940,0.09260000288486481
381039,0.055560000240802765
381139,0.11112000048160553
381239,0.11112000048160553
381339,0.0
381441,0.0
381540,0.0
381640,0.0
381742,0.0
381843,0.0
381942,0.0
382042,0.0
382145,0.0
382252,0.0
382356,0.0
382461,0.018519999459385872
382566,0.018519999459385872
382670,0.037039998918771744
382770,0.037039998918771744
382876,0.055560000240802765
382978,0.09260000288486481
383078,0.11112000048160553
383178,0.1666800081729889
383278,0.11112000048160553
383378,0.09260000288486481
383479,0.12963999807834625
383581,0.07407999783754349
383684,0.09260000288486481
383783,0.055560000240802765
383783,0.055560000240802765
383883,0.055560000240802765
383984,0.037039998918771744
384086,0.037039998918771744
384185,0.037039998918771744
384185,0.037039998918771744
384291,0.037039998918771744
384291,0.037039998918771744
384393,0.037039998918771744
384393,0.037039998918771744
384493,0.018519999459385872
384595,0.018519999459385872
384695,0.018519999459385872
384795,0.018519999459385872
384897,0.037039998918771744
384997,0.055560000240802765
385099,0.055560000240802765
385206,0.018519999459385872
385308,0.037039998918771744
385409,0.07407999783754349
385509,0.11112000048160553
385609,0.11112000048160553
385710,0.11112000048160553
385812,0.14815999567508698
385915,0.1666800081729889
386015,0.1666800081729889
386117,0.1666800081729889
386217,0.22224000096321106
386317,0.22224000096321106
386423,0.2592799961566925
386530,0.3333600163459778
386634,0.3333600163459778
386738,0.38891997933387756
386847,0.4074400067329407
386946,0.4444800019264221
387046,0.46299999952316284
387146,0.4444800019264221
387247,0.4444800019264221
387347,0.4074400067329407
387447,0.09260000288486481
387547,0.018519999459385872
387650,0.0
387750,0.037039998918771744
387850,0.0
387850,0.0
387950,0.018519999459385872
388050,0.0
388152,0.0
388253,0.018519999459385872
388352,0.0
388352,0.0
388454,0.0
388454,0.0
388554,0.0
388654,0.0
388755,0.0
388854,0.0
388954,0.0
389055,0.0
389157,0.018519999459385872
389261,0.018519999459385872
389361,0.0
389466,0.018519999459385872
389466,0.018519999459385872
389569,0.0
389569,0.0
389668,0.0
389769,0.0
389870,0.0
389969,0.0
390071,0.0
390171,0.0
390273,0.0
390378,0.0
390482,0.0
390587,0.0
390687,0.0
390787,0.0
390887,0.0
390990,0.0
391090,0.0
391192,0.0
391301,0.0
391405,0.0
391509,0.0
391614,0.018519999459385872
391714,0.0
391818,0.018519999459385872
391921,0.018519999459385872
391921,0.018519999459385872
392020,0.018519999459385872
392124,0.018519999459385872
392223,0.0
392323,0.018519999459385872
392425,0.0
392529,0.018519999459385872
392628,0.0
392731,0.018519999459385872
392833,0.018519999459385872
392833,0.018519999459385872
392933,0.018519999459385872
393036,0.0
393137,0.018519999459385872
393236,0.018519999459385872
393336,0.018519999459385872
393436,0.018519999459385872
393536,0.018519999459385872
393638,0.018519999459385872
393738,0.0
393842,0.0
393842,0.0
393942,0.0
394047,0.0
394149,0.0
394251,0.0
394351,0.0
394450,0.0
394551,0.0
394654,0.018519999459385872
394753,0.018519999459385872
394854,0.018519999459385872
394953,0.018519999459385872
395054,0.018519999459385872
395155,0.018519999459385872
395255,0.018519999459385872
395354,0.018519999459385872
395455,0.018519999459385872
395556,0.018519999459385872
395656,0.018519999459385872
395756,0.018519999459385872
395857,0.0
395960,0.018519999459385872
396062,0.018519999459385872
396162,0.018519999459385872
396265,0.0
396364,0.0
396467,0.0
396574,0.0
396679,0.0
396784,0.0
396891,0.0
396991,0.055560000240802765
397093,0.0
397193,0.0
397295,0.1666800081729889
397395,0.0
397500,0.0
397605,0.12963999807834625
397708,0.5556000471115112
397807,1.2223200798034668
397909,1.2223200798034668
398010,1.6297600269317627
398109,1.6297600269317627
398109,1.6297600269317627
398209,1.7038400173187256
398309,1.7594000101089478
398410,1.9075599908828735
398509,2.000159978866577
398611,2.1112799644470215
398711,2.315000057220459
398817,2.3520400524139404
398921,2.389080047607422
399024,2.574280023574829
399123,3.055799961090088
399224,4.018840312957764
399323,4.055880069732666
399424,4.14847993850708
399524,4.630000114440918
399624,4.630000114440918
399726,5.055960178375244
399826,5.1855998039245605
399927,5.7597198486328125
400030,5.833800315856934
400129,5.833800315856934
400232,5.0929999351501465
400331,4.981880187988281
400431,4.166999816894531
400537,3.2039599418640137
400641,2.5927999019622803
400746,2.2964799404144287
400850,1.481600046157837
400956,1.444559931755066
401056,1.4075199365615845
401161,1.4075199365615845
401263,1.3890000581741333
401363,1.3890000581741333
401463,1.3704800605773926
401564,1.3704800605773926
401664,1.3519600629806519
401768,1.2963999509811401
401875,0.9815599322319031
401875,0.9815599322319031
401977,0.9445199966430664
401977,0.9445199966430664
402076,0.9630399942398071
402178,0.9259999990463257
402278,0.9630399942398071
402378,1.0000799894332886
402478,1.0000799894332886
402578,1.03711998462677
402678,1.0556399822235107
402781,1.0741599798202515
402881,1.1112000942230225
402881,1.1112000942230225
402984,1.1482399702072144
402984,1.1482399702072144
403084,1.1852799654006958
403190,1.2037999629974365
403291,1.2223200798034668
403394,1.2408400774002075
403501,1.2593599557876587
403604,1.2593599557876587
403709,1.2778799533843994
403814,1.2593599557876587
403918,1.2223200798034668
404023,1.2037999629974365
404123,1.1852799654006958
404226,1.1852799654006958
404325,1.1852799654006958
404426,1.1852799654006958
404527,1.1852799654006958
404628,1.1852799654006958
404727,1.1852799654006958
404828,1.1852799654006958
404930,1.2408400774002075
405032,1.5742000341415405
405131,1.5742000341415405
405236,1.5742000341415405
405236,1.5742000341415405
405340,1.5742000341415405
405443,1.5927200317382812
405543,1.611240029335022
405643,1.6667999029159546
405746,1.9631198644638062
405853,2.0371999740600586
405955,2.1853599548339844
406054,2.5187199115753174
406154,2.5187199115753174
406256,2.5372400283813477
406355,2.5372400283813477
406457,2.5187199115753174
406557,2.5187199115753174
406657,2.5187199115753174
406761,2.5372400283813477
406860,2.6113200187683105
406960,2.6854000091552734
407060,2.740960121154785
407161,2.7965199947357178
407260,2.815039873123169
407363,2.815039873123169
407462,2.815039873123169
407563,2.815039873123169
407663,2.815039873123169
407762,2.815039873123169
407868,2.815039873123169
407968,2.815039873123169
408069,2.815039873123169
408168,2.815039873123169
408268,2.815039873123169
408368,2.833559989929199
408468,2.833559989929199
408576,2.833559989929199
408680,2.833559989929199
408785,2.8520798683166504
408889,2.8520798683166504
408994,2.8520798683166504
409094,2.8520798683166504
409199,2.8705999851226807
409301,2.889119863510132
409401,2.9261600971221924
409506,2.9261600971221924
409614,2.981719970703125
409714,3.0372800827026367
409818,3.0928399562835693
409918,3.148400068283081
410023,3.1669201850891113
410125,3.1854400634765625
410231,3.2039599418640137
410336,3.2039599418640137
410442,3.2039599418640137
410542,3.222480058670044
410641,3.240999937057495
410741,3.2595200538635254
410841,3.315079927444458
410944,3.38916015625
411045,3.463239908218384
411149,3.5188000202178955
411252,3.574359893798828
411360,3.62992000579834
411460,4.037360191345215
411562,4.833719730377197
411662,5.3337602615356445
411763,5.463399887084961
411862,5.518959999084473
411964,5.537479877471924
412063,5.556000232696533
412163,5.574520111083984
412265,6.315320014953613
412369,6.333840370178223
412469,6.370880126953125
412574,6.407919883728027
412677,6.407919883728027
412776,6.315320014953613
412877,5.944920063018799
412978,5.926400184631348
413077,5.9078803062438965
413077,5.9078803062438965
413179,5.9078803062438965
413179,5.9078803062438965
413279,6.889440059661865
413380,6.870920181274414
413480,6.852400302886963
413579,6.870920181274414
413681,6.963520050048828
413781,7.01908016204834
413885,6.704239845275879
413987,6.704239845275879
414086,6.685719966888428
414186,6.667199611663818
414291,6.630159854888916
414394,6.574599742889404
414496,6.25976037979126
414603,6.20419979095459
414707,6.111599922180176
414812,6.074560165405273
414916,6.056039810180664
415022,6.019000053405762
415121,6.0004801750183105
415227,5.96343994140625
415227,5.96343994140625
415329,5.926400184631348
415329,5.926400184631348
415436,5.870840072631836
415539,5.796760082244873
415539,5.796760082244873
415639,5.722679615020752
415740,5.648600101470947
415845,4.907800197601318
415951,4.778160095214844
416057,4.66703987121582
416156,4.574440002441406
416260,4.481840133666992
416359,4.407760143280029
416459,4.333679676055908
416559,4.278120040893555
416660,4.222559928894043
416770,4.185520172119141
416873,4.129960060119629
416977,4.092920303344727
417083,4.018840312957764
417182,3.944760322570801
417287,3.38916015625
417287,3.38916015625
417390,3.315079927444458
417390,3.315079927444458
417489,2.7594799995422363
417589,2.2594399452209473
417689,2.240920066833496
417790,2.222400188446045
417890,2.2038800716400146
417996,2.1297998428344727
418095,2.0927600860595703
418200,2.0927600860595703
418302,2.07423996925354
418402,2.0927600860595703
418504,2.0927600860595703
418605,2.148319959640503
418704,2.4446401596069336
418805,2.4446401596069336
418906,2.5927999019622803
419005,2.6854000091552734
419107,2.6854000091552734
419212,2.815039873123169
419317,2.8705999851226807
419420,2.907639980316162
419527,2.907639980316162
419631,2.889119863510132
419737,2.8705999851226807
419841,2.833559989929199
419948,2.7780001163482666
420050,2.722440004348755
420152,2.6298398971557617
420252,2.555759906768799
420352,2.481680154800415
420352,2.481680154800415
420454,2.407599925994873
420454,2.407599925994873
420555,2.315000057220459
420654,1.9075599908828735
420759,1.6297600269317627
420863,1.5742000341415405
420966,1.5371599197387695
421066,1.166759967803955
421167,1.0741599798202515
421274,0.9630399942398071
421377,0.907480001449585
421479,0.8704400062561035
421586,0.8519200086593628
421689,0.8148800134658813
421795,0.7963600158691406
421899,0.7963600158691406
422002,0.7593200206756592
422107,0.7593200206756592
422206,0.7593200206756592
422306,0.7778399586677551
422411,0.7778399586677551
422513,0.7778399586677551
422616,0.7593200206756592
422716,0.7408000230789185
422816,0.722279965877533
422925,0.7037599682807922
423028,0.6852400302886963
423135,0.6667200326919556
423235,0.6667200326919556
423339,0.6852400302886963
423438,0.6852400302886963
423541,0.7037599682807922
423640,0.7408000230789185
423743,0.7963600158691406
423842,0.8519200086593628
423943,0.907480001449585
424049,0.9815599322319031
424153,1.0185999870300293
424257,1.0556399822235107
424361,1.0741599798202515
424466,1.0741599798202515
424569,1.03711998462677
424668,1.0556399822235107
424770,1.0741599798202515
424872,1.0926799774169922
424972,1.0926799774169922
425073,1.1112000942230225
425173,1.1297199726104736
425274,1.166759967803955
425376,1.2037999629974365
425479,1.2593599557876587
425578,1.3149199485778809
425684,1.3704800605773926
425787,1.4075199365615845
425886,1.4630800485610962
425988,1.5556799173355103
426089,1.6297600269317627
426188,1.7038400173187256
426290,1.740880012512207
426390,1.7779200077056885
426496,1.7964400053024292
426600,1.8334800004959106
426702,1.870519995689392
426804,2.0371999740600586
426903,2.0927600860595703
427006,2.148319959640503
427105,2.1853599548339844
427206,2.1853599548339844
427312,2.222400188446045
427416,2.2594399452209473
427520,2.2779600620269775
427626,2.2964799404144287
427732,2.2964799404144287
427831,2.2964799404144287
427936,2.315000057220459
428038,2.33351993560791
428139,2.3520400524139404
428247,2.389080047607422
428349,2.426119804382324
428449,2.4446401596069336
428548,2.481680154800415
428548,2.481680154800415
428650,2.500200033187866
428650,2.500200033187866
428750,2.5372400283813477
428851,2.574280023574829
428951,2.5927999019622803
429052,2.574280023574829
429152,2.5372400283813477
429255,2.4631600379943848
429362,2.407599925994873
429464,2.3520400524139404
429565,2.2964799404144287
429665,2.222400188446045
429764,2.1297998428344727
429866,2.055720090866089
429970,2.07423996925354
430069,2.1112799644470215
430170,2.1853599548339844
430269,2.4631600379943848
430369,2.481680154800415
430469,2.500200033187866
430569,2.555759906768799
430670,2.6668801307678223
430770,2.7039201259613037
430871,2.740960121154785
430978,2.7594799995422363
431082,2.7594799995422363
431188,2.740960121154785
431291,2.7039201259613037
431394,2.648360013961792
431499,2.574280023574829
431601,2.500200033187866
431704,2.4446401596069336
431803,2.3705599308013916
431904,2.3705599308013916
432004,2.3520400524139404
432105,2.33351993560791
432207,2.2964799404144287
432207,2.2964799404144287
432307,2.2594399452209473
432408,2.222400188446045
432509,2.1853599548339844
432608,2.2038800716400146
432713,2.2038800716400146
432818,2.222400188446045
432920,2.240920066833496
433019,2.240920066833496
433125,2.240920066833496
433229,2.240920066833496
433330,2.240920066833496
433432,2.222400188446045
433532,2.222400188446045
433632,2.2038800716400146
433734,2.2038800716400146
433833,2.2038800716400146
433934,2.240920066833496
434036,2.33351993560791
434144,2.407599925994873
434248,2.481680154800415
434353,2.5187199115753174
434457,2.5372400283813477
434562,2.5372400283813477
434662,2.555759906768799
434767,2.555759906768799
434767,2.555759906768799
434869,2.5372400283813477
434869,2.5372400283813477
434969,2.5372400283813477
435070,2.5187199115753174
435171,2.5187199115753174
435270,2.500200033187866
435374,2.481680154800415
435374,2.481680154800415
435480,2.481680154800415
435582,2.4631600379943848
435582,2.4631600379943848
435682,2.4631600379943848
435782,2.4631600379943848
435882,2.4446401596069336
435882,2.4446401596069336
435983,2.4446401596069336
436085,2.426119804382324
436191,2.407599925994873
436294,2.389080047607422
436394,2.3705599308013916
436495,2.3520400524139404
436597,2.33351993560791
436703,2.33351993560791
436808,2.315000057220459
436912,2.315000057220459
437017,2.315000057220459
437118,2.315000057220459
437223,2.315000057220459
437331,2.315000057220459
437431,2.2964799404144287
437537,2.2964799404144287
437645,2.2964799404144287
437745,2.2964799404144287
437851,2.2964799404144287
437950,2.2964799404144287
438051,2.2779600620269775
438155,2.2779600620269775
438254,2.2779600620269775
438354,2.2779600620269775
438454,2.2779600620269775
438555,2.2779600620269775
438655,2.2779600620269775
438759,2.2594399452209473
438858,2.2594399452209473
438958,2.2594399452209473
439061,2.2779600620269775
439160,2.2779600620269775
439262,2.2779600620269775
439367,2.2779600620269775
439471,2.2779600620269775
439577,2.2594399452209473
439681,2.2594399452209473
439786,2.240920066833496
439886,2.2038800716400146
439990,2.148319959640503
440093,1.81496000289917
440093,1.81496000289917
440197,1.81496000289917
440302,1.740880012512207
440403,1.7038400173187256
440504,1.6667999029159546
440603,1.6297600269317627
440705,1.6297600269317627
440805,1.611240029335022
440906,1.611240029335022
441007,1.481600046157837
441106,1.3704800605773926
441208,1.2963999509811401
441311,1.2223200798034668
441417,1.2037999629974365
441519,1.2223200798034668
441619,1.2408400774002075
441721,1.2593599557876587
441820,1.2778799533843994
441921,1.2963999509811401
442020,1.3149199485778809
442120,1.3519600629806519
442224,1.4075199365615845
442330,1.7223600149154663
442433,2.0371999740600586
442536,2.500200033187866
442642,2.981719970703125
442746,3.407680034637451
442851,4.204040050506592
442951,4.889280319213867
443055,6.352360248565674
443158,6.8338799476623535
443257,7.685800075531006
443360,8.79699993133545
443459,10.000800132751465
443563,11.537960052490234
443563,11.537960052490234
443668,12.72323989868164
443668,12.72323989868164
443767,14.26039981842041
443869,14.371520042419434
443973,15.038239479064941
444079,16.816160202026367
444181,17.37175941467285
444284,20.612760543823242
444384,20.742399215698242
444486,21.705440521240234
444585,22.501798629760742
444687,26.44655990600586
444786,29.761638641357422
444886,31.298799514770508
444986,32.40999984741211
445086,32.50259780883789
445193,33.39155960083008
445296,33.92863845825195
445402,33.92863845825195
445506,33.96567916870117
445610,35.1879997253418
445718,36.00288009643555
445818,36.07695770263672
445919,36.169559478759766
446019,36.46588134765625
446119,36.55847930908203
446222,36.63256072998047
446324,36.66959762573242
446423,36.68811798095703
446423,36.68811798095703
446529,36.70663833618164
446529,36.70663833618164
446631,36.72515869140625
446631,36.72515869140625
446731,36.68811798095703
446833,36.66959762573242
446934,36.65108108520508
447033,36.61404037475586
447033,36.61404037475586
447133,36.13251876831055
447234,34.650917053222656
447334,34.650917053222656
447437,34.539798736572266
447536,34.410160064697266
447640,33.521202087402344
447745,33.4286003112793
447848,33.05820083618164
447947,32.33591842651367
448048,31.72475814819336
448151,31.632160186767578
448250,31.502519607543945
448352,31.372880935668945
448452,31.058040618896484
448551,30.206119537353516
448651,29.594959259033203
448751,28.317079544067383
448852,26.668798446655273
448957,25.02052116394043
449057,24.409360885620117
449158,24.094520568847656
449257,23.53891944885254
449359,23.094440460205078
449465,22.668479919433594
449568,21.964719772338867
449674,21.26095962524414
449778,20.42755889892578
449883,20.29792022705078
449983,19.575639724731445
450086,18.20516014099121
450189,16.90876007080078
450189,16.90876007080078
450288,15.70495891571045
450389,15.667920112609863
450491,15.279000282287598
450592,15.241959571838379
450691,15.204919815063477
450795,15.149360656738281
450901,15.149360656738281
451003,15.130840301513672
451103,15.149360656738281
451203,15.186399459838867
451304,15.204919815063477
451406,15.223440170288086
451505,15.223440170288086
451610,15.241959571838379
451714,15.241959571838379
451814,15.241959571838379
451915,15.223440170288086
452017,15.167879104614258
452118,15.093799591064453
452218,15.019719123840332
452317,14.945639610290527
452418,14.908600807189941
452521,14.871559143066406
452628,14.85304069519043
452732,14.83452033996582
452836,14.408560752868652
452941,14.27892017364502
453045,14.149279594421387
453152,14.112239837646484
453252,14.112239837646484
453352,14.112239837646484
453453,14.075200080871582
453554,14.112239837646484
453653,14.149279594421387
453755,14.167799949645996
453855,14.204839706420898
453955,14.186319351196289
454060,14.149279594421387
454166,14.130760192871094
454269,14.093720436096191
454370,14.075200080871582
454469,14.056680679321289
454569,14.01963996887207
454669,13.945560455322266
454774,13.556640625
454879,13.204760551452637
454982,13.186240196228027
455082,13.112159729003906
455182,13.019560813903809
455285,12.889920234680176
455384,12.445439338684082
455485,12.40839958190918
455592,12.371359825134277
455696,12.334320068359375
455802,12.241720199584961
455905,11.445359230041504
456011,10.38971996307373
456111,10.05635929107666
456215,10.05635929107666
456318,10.000800132751465
456417,10.000800132751465
456517,9.963760375976562
456617,9.963760375976562
456717,9.871159553527832
456820,9.778560638427734
456919,10.111920356750488
457020,10.130439758300781
457121,10.14896011352539
457221,10.167479515075684
457221,10.167479515075684
457323,10.204520225524902
457422,10.593440055847168
457522,10.945320129394531
457623,10.982359886169434
457722,11.09347915649414
457825,11.223119735717773
457925,11.315720558166504
458025,11.315720558166504
458125,11.3712797164917
458225,11.334239959716797
458225,11.334239959716797
458327,11.260159492492676
458327,11.260159492492676
458427,11.223119735717773
458528,11.130520820617676
458633,10.778640747070312
458735,10.686039924621582
458838,10.64900016784668
458838,10.64900016784668
458938,10.611960411071777
459039,10.611960411071777
459140,10.611960411071777
459239,10.593440055847168
459341,10.55639934539795
459441,10.519359588623047
459544,10.14896011352539
459651,10.07487964630127
459753,9.945240020751953
459854,9.871159553527832
459954,9.871159553527832
460053,9.90820026397705
460158,9.889679908752441
460257,9.945240020751953
460360,10.000800132751465
460459,10.05635929107666
460561,10.07487964630127
460667,10.111920356750488
460773,9.778560638427734
460877,9.260000228881836
460982,8.482159614562988
461088,7.778399467468262
461191,6.852400302886963
461290,5.981959819793701
461290,5.981959819793701
461394,5.9078803062438965
461394,5.9078803062438965
461495,5.48192024230957
461595,5.352280139923096
461700,4.407760143280029
461700,4.407760143280029
461802,3.944760322570801
461802,3.944760322570801
461901,3.944760322570801
462003,3.8336398601531982
462104,3.0372800827026367
462204,3.0372800827026367
462305,2.6113200187683105
462404,2.5187199115753174
462506,2.389080047607422
462606,2.2594399452209473
462707,2.1297998428344727
462806,2.000159978866577
462907,1.8519999980926514
463007,1.7223600149154663
463109,1.5927200317382812
463211,1.481600046157837
463311,1.3704800605773926
463311,1.3704800605773926
463418,1.2593599557876587
463521,0.6667200326919556
463621,0.3518799841403961
463721,0.29631999135017395
463822,0.38891997933387756
463924,0.6667200326919556
464023,1.166759967803955
464124,1.2963999509811401
464231,1.444559931755066
464334,1.5186400413513184
464438,1.5742000341415405
464543,1.6297600269317627
464647,1.7223600149154663
464752,2.2964799404144287
464852,2.3705599308013916
464956,2.5187199115753174
465059,2.981719970703125
465158,3.796599864959717
465258,5.0929999351501465
465359,6.20419979095459
465459,7.370960235595703
465561,8.741439819335938
465660,10.278600692749023
465760,11.778719902038574
465860,13.371439933776855
465960,15.464200973510742
466062,23.483360290527344
466162,24.853839874267578
466262,26.372480392456055
466363,26.502120971679688
466463,27.002159118652344
466565,27.391080856323242
466665,27.53923988342285
466766,28.53931999206543
466866,28.68747901916504
466966,28.965280532836914
467067,29.057878494262695
467067,29.057878494262695
467167,29.150480270385742
467267,29.594959259033203
467369,29.65052032470703
467469,29.78015899658203
467572,30.372798919677734
467671,30.502439498901367
467771,30.835800170898438
467872,31.59511947631836
467971,32.15072250366211
468075,32.78040313720703
468181,32.835960388183594
468283,33.13227844238281
468283,33.13227844238281
468383,33.20635986328125
468484,33.502681732177734
468587,33.632320404052734
468687,33.98419952392578
468787,34.299041748046875
468890,34.947242736816406
468994,36.41032028198242
469097,37.05852127075195
469199,37.169639587402344
469298,37.5400390625
469398,38.058597564697266
469499,38.058597564697266
469599,38.18824005126953
469699,38.910518646240234
469798,39.09572219848633
469900,39.09572219848633
470002,39.15127944946289
470102,39.2994384765625
470202,39.33647918701172
470302,39.35499954223633
470403,39.35499954223633
470505,39.33647918701172
470604,39.2994384765625
470704,39.24388122558594
470804,39.24388122558594
470905,38.762359619140625
471005,38.762359619140625
471104,38.66975784301758
471205,38.66975784301758
471308,37.947479248046875
471407,37.46595764160156
471508,37.39188003540039
471607,36.61404037475586
471708,36.5029182434082
471810,35.095401763916016
471910,27.631839752197266
472013,27.150320053100586
472115,26.187280654907227
472214,24.613079071044922
472315,24.576040267944336
472422,24.057479858398438
472527,22.7425594329834
472632,23.279640197753906
472736,18.723718643188477
472843,17.668079376220703
472943,17.964399337768555
473043,18.37183952331543
473143,18.39035987854004
473245,18.408878326416016
473347,18.427400588989258
473447,18.316280364990234
473551,18.33479881286621
473551,18.33479881286621
473656,18.316280364990234
473656,18.316280364990234
473759,18.297760009765625
473759,18.297760009765625
473858,18.35331916809082
473961,17.686599731445312
474060,17.649559020996094
474060,17.649559020996094
474164,17.74216079711914
474269,17.797719955444336
474372,17.89031982421875
474471,18.33479881286621
474572,18.03847885131836
474679,18.112560272216797
474783,18.168121337890625
474885,18.53852081298828
474985,18.445920944213867
475088,18.501480102539062
475188,19.260799407958984
475292,18.7052001953125
475396,18.723718643188477
475502,18.723718643188477
475603,18.779279708862305
475706,18.760759353637695
475806,18.779279708862305
475907,18.779279708862305
476007,18.779279708862305
476111,18.723718643188477
476211,18.649639129638672
476314,18.575559616088867
476418,18.482959747314453
476521,18.53852081298828
476620,18.594079971313477
476722,18.66815948486328
476823,18.723718643188477
476922,20.02012062072754
477027,21.020200729370117
477132,20.63128089904785
477234,19.96455955505371
477334,19.83492088317871
477435,19.53860092163086
477541,19.52008056640625
477646,19.483041763305664
477751,18.35331916809082
477856,17.40880012512207
477961,17.39027976989746
478061,17.37175941467285
478161,17.37175941467285
478267,17.353239059448242
478369,17.316200256347656
478472,17.279159545898438
478571,15.908679962158203
478677,14.59376049041748
478780,14.538199424743652
478881,14.482640266418457
478981,14.186319351196289
479082,14.167799949645996
479181,14.130760192871094
479283,13.815919876098633
479383,13.797399520874023
479483,13.649239540100098
479583,13.704800605773926
479683,13.575160026550293
479683,13.575160026550293
479784,13.149199485778809
479784,13.149199485778809
479884,12.352840423583984
479985,12.352840423583984
480088,12.352840423583984
480189,12.352840423583984
480288,12.371359825134277
480388,12.371359825134277
480488,12.315799713134766
480594,11.482399940490723
480698,10.834199905395508
480801,10.167479515075684
480908,10.07487964630127
481014,9.945240020751953
481117,9.83411979675293
481222,7.6487603187561035
481327,7.6487603187561035
481427,7.630239963531494
481532,7.574680328369141
481634,7.519119739532471
481734,7.482079982757568
481834,7.463560581207275
481936,7.445039749145508
482035,7.482079982757568
482135,7.519119739532471
482235,7.556159973144531
482337,7.574680328369141
482440,7.611720085144043
482539,7.6672797203063965
482643,7.722840309143066
482747,7.815439701080322
482850,7.889520645141602
482950,7.926560401916504
483050,7.963600158691406
483151,7.982120037078857
483250,7.945079803466797
483352,7.9080400466918945
483452,7.833960056304932
483553,7.53764009475708
483652,7.482079982757568
483752,7.426520347595215
483854,7.352439880371094
483955,7.25984001159668
484055,7.185760021209717
484155,7.0931596755981445
484260,7.0005598068237305
484359,6.889440059661865
484464,6.7783203125
484566,6.685719966888428
484670,6.574599742889404
484776,6.48199987411499
484880,6.407919883728027
484980,6.333840370178223
485085,6.278280258178711
485189,6.20419979095459
485293,6.130119800567627
485400,5.981959819793701
485502,5.9078803062438965
485602,5.833800315856934
485602,5.833800315856934
485706,5.778239727020264
485706,5.778239727020264
485806,5.704159736633301
485906,5.630079746246338
486008,5.556000232696533
486108,5.5004401206970215
486108,5.5004401206970215
486213,5.426360130310059
486213,5.426360130310059
486315,5.352280139923096
486419,5.259679794311523
486520,5.1855998039245605
486619,5.111519813537598
486619,5.111519813537598
486725,5.000400066375732
486829,4.907800197601318
486931,4.796679973602295
487030,4.66703987121582
487130,4.352200031280518
487233,4.259599685668945
487333,4.129960060119629
487433,3.8336398601531982
487533,3.7595598697662354
487633,3.64844012260437
487737,3.5188000202178955
487840,3.407680034637451
487943,3.296560049057007
488049,3.1854400634765625
488158,3.1113598346710205
488264,3.0372800827026367
488369,2.963200092315674
488469,2.889119863510132
488569,2.815039873123169
488670,2.740960121154785
488770,2.648360013961792
488870,2.555759906768799
488972,2.4631600379943848
489072,2.3705599308013916
489172,2.2779600620269775
489275,2.2038800716400146
489379,2.1297998428344727
489480,2.055720090866089
489580,2.000159978866577
489681,1.9631198644638062
489782,1.9260799884796143
489882,1.9075599908828735
489985,1.9075599908828735
490089,1.8890399932861328
490198,1.8890399932861328
490303,1.81496000289917
490408,1.7779200077056885
490507,1.740880012512207
490612,1.6853200197219849
490718,1.6482800245285034
490817,1.5927200317382812
490921,1.5556799173355103
491021,1.5001200437545776
491124,1.481600046157837
491233,1.4630800485610962
491341,1.444559931755066
491440,1.4260399341583252
491545,1.4075199365615845
491652,1.3890000581741333
491751,1.3519600629806519
491857,1.3149199485778809
491961,1.2963999509811401
492061,1.2778799533843994
492168,1.2408400774002075
492275,1.2223200798034668
492375,1.2037999629974365
492475,1.166759967803955
492580,1.1482399702072144
492689,1.1297199726104736
492797,1.0741599798202515
492904,1.0556399822235107
493007,0.9630399942398071
493109,0.7408000230789185
493212,0.4259600043296814
493312,0.3518799841403961
493413,0.3333600163459778
493520,0.3148399889469147
493625,0.29631999135017395
493730,0.22224000096321106
493831,0.18520000576972961
493936,0.1666800081729889
494042,0.14815999567508698
494141,0.09260000288486481
494242,0.07407999783754349
494342,0.09260000288486481
494445,0.14815999567508698
494544,0.1666800081729889
494649,0.1666800081729889
494749,0.1666800081729889
494849,0.1666800081729889
494950,0.1666800081729889
495050,0.1666800081729889
495150,0.18520000576972961
495252,0.18520000576972961
495352,0.18520000576972961
495452,0.18520000576972961
495554,0.18520000576972961
495662,0.18520000576972961
495762,0.18520000576972961
495862,0.20372000336647034
495966,0.22224000096321106
496072,0.22224000096321106
496172,0.22224000096321106
496271,0.22224000096321106
496371,0.20372000336647034
496473,0.22224000096321106
496578,0.22224000096321106
496678,0.22224000096321106
496778,0.22224000096321106
496885,0.24075999855995178
496984,0.24075999855995178
497091,0.24075999855995178
497199,0.24075999855995178
497298,0.24075999855995178
497399,0.24075999855995178
497500,0.24075999855995178
497600,0.24075999855995178
497704,0.24075999855995178
497803,0.24075999855995178
497904,0.24075999855995178
498003,0.24075999855995178
498103,0.24075999855995178
498206,0.24075999855995178
498306,0.22224000096321106
498406,0.22224000096321106
498508,0.24075999855995178
498613,0.24075999855995178
498713,0.24075999855995178
498713,0.24075999855995178
498814,0.24075999855995178
498915,0.24075999855995178
499014,0.24075999855995178
499121,0.24075999855995178
499229,0.2592799961566925
499329,0.2592799961566925
499434,0.2592799961566925
499537,0.2592799961566925
499644,0.2592799961566925
499748,0.2778000235557556
499853,0.2778000235557556
499959,0.29631999135017395
500067,0.29631999135017395
500171,0.29631999135017395
500270,0.3148399889469147
500377,0.3333600163459778
500483,0.3333600163459778
500582,0.3518799841403961
500688,0.3518799841403961
500794,0.3518799841403961
500895,0.3518799841403961
500895,0.3518799841403961
500998,0.37040001153945923
501100,0.3518799841403961
501200,0.3333600163459778
501300,0.3333600163459778
501402,0.3148399889469147
501506,0.3148399889469147
501605,0.3148399889469147
501712,0.29631999135017395
501812,0.2778000235557556
501912,0.2592799961566925
502014,0.2592799961566925
502119,0.24075999855995178
502226,0.24075999855995178
502327,0.22224000096321106
502430,0.22224000096321106
502430,0.22224000096321106
502532,0.20372000336647034
502632,0.20372000336647034
502735,0.18520000576972961
502735,0.18520000576972961
502838,0.1666800081729889
502938,0.1666800081729889
503042,0.1666800081729889
503145,0.1666800081729889
503250,0.1666800081729889
503350,0.1666800081729889
503450,0.1666800081729889
503551,0.14815999567508698
503650,0.1666800081729889
503750,0.1666800081729889
