Timestamp (ms),F_RPM_PRIM
35383,0.52991
7,2330.93
37,625.00006
41,4304.4077
48,3495.526
76,645.48334
144,279.467
144,89285.72
217,258.2502
239,867.57355
248,1947.4451
254,3232.7588
283,651.31305
289,3374.73
315,721.8201
321,3527.0881
391,268.0256
460,269.10272
530,269.81525
542,2496.6711
599,331.43604
652,359.00284
790,135.48471
899,173.34148
947,383.84375
1021,254.24419
1065,423.5565
1081,1256.7024
1091,1730.3434
1098,4026.0735
1099,38265.31
1139,468.84375
1140,32779.72
1147,4002.1345
1148,28846.154
1149,41360.293
1149,39612.676
1150,37500.0
1152,86206.9
1152,119912.8
1153,43269.23
1154,87209.305
1154,130813.95
1156,28625.955
1156,74503.31
1158,25961.54
1164,4774.0293
1172,3198.099
1184,1587.9065
1188,5455.8677
1213,1517.2358
1240,729.68555
1260,918.93744
1264,4555.393
1287,831.7069
1394,174.4251
1430,528.58594
1435,3492.9211
1497,306.0525
1520,790.33887
1569,389.74808
1674,178.08298
1702,1316.1589
1703,106534.086
1703,89285.72
1704,58593.746
1705,121323.52
1705,80030.49
1707,60334.16
1708,66964.29
1709,22977.941
1718,2729.8254
1726,4500.0005
1733,4635.9893
1779,571.3477
1907,204.40105
1908,69444.445
1913,3474.7961
1949,529.661
1968,1606.3397
1969,55147.06
1969,93750.0
1971,32204.201
1971,82031.25
1972,27709.36
1973,47212.234
1973,99264.7
1974,46641.79
1975,60267.855
1976,24038.46
1976,88235.29
1977,25436.049
1978,67446.05
1979,74573.86
1980,46182.266
1980,73660.71
1983,7048.872
2006,1176.0752
2007,47212.234
2013,5751.5337
2014,40760.87
2014,57870.375
2015,41564.04
2016,47554.348
2105,209.60962
2124,1783.4497
2125,99264.7
2125,78125.0
2126,60701.44
2126,111607.15
2127,105468.75
2128,55970.15
2128,92592.59
2129,55147.06
2129,47212.234
2130,99264.7
2130,118534.484
2131,47554.348
2132,114329.27
2132,90361.445
2134,40178.57
2134,109011.63
2135,114583.33
2136,47110.555
2136,82031.25
2137,87209.305
2138,72115.38
2138,119912.8
2139,104166.67
2139,48253.67
2140,148628.05
2140,99264.7
2141,60334.16
2142,124246.984
2142,53879.31
2143,46214.79
2144,109011.63
2144,110294.12
2145,58189.656
2145,147471.9
2146,104166.67
2146,48973.88
2147,90361.445
2147,107758.62
2148,52325.582
2149,111607.15
2149,66964.29
2150,57010.133
2151,100446.43
2151,73529.414
2152,43269.23
2153,100190.84
2154,57203.387
2174,939.0024
2259,220.16344
2362,183.11977
2384,831.7069
2398,1475.9131
2433,540.59515
2606,108.474304
2606,41058.395
2607,27985.074
2608,92592.59
2608,71202.53
2609,29761.904
2610,101656.625
2611,32649.254
2611,47212.234
2613,41666.668
2613,88235.29
2614,41360.293
2615,68933.82
2615,93750.0
2616,48076.92
2617,71614.58
2618,45509.71
2618,79066.266
2623,4300.4585
2623,81018.52
2630,5157.396
2630,95108.695
2631,61141.3
2632,66021.125
2632,33723.023
2639,2675.514
2725,219.66821
2830,179.9286
2849,976.96954
2883,559.8352
2925,442.67636
2926,93129.14
2926,66964.29
2927,23674.244
2928,91463.414
2928,60267.855
2931,12593.284
2932,21469.467
2933,98110.47
2933,59335.445
2934,36231.883
2938,10245.901
2939,38265.305
2939,47212.234
2940,70312.5
2941,32012.195
2941,87209.305
2942,99264.7
2944,21306.818
2945,32977.387
2946,78509.85
2947,28625.955
2947,69444.445
2948,58593.75
2949,37500.0
2949,69444.445
2950,41977.613
2951,98110.47
2951,121323.52
3049,190.80473
3089,471.86432
3121,607.26776
3324,91.881134
3345,932.2792
3397,862.66394
3399,8340.748
3431,718.2991
3432,48253.67
3437,3852.7395
3438,102896.34
3438,121323.52
3439,69273.4
3440,78671.33
3441,46410.895
3442,100446.43
3442,37128.715
3443,54347.824
3444,42399.5
3445,90361.445
3446,23219.814
3447,110294.12
3447,45072.117
3448,33244.684
3451,10811.367
3451,47901.46
3452,22865.854
3453,98110.47
3485,1076.8986
3485,98110.47
3486,84134.62
3487,49904.94
3487,70312.5
3488,38793.105
3489,32552.082
3491,13719.511
3492,66489.37
3493,23674.244
3493,109011.63
3499,4273.017
3561,298.79526
3665,179.88028
3770,179.12416
3950,104.65038
4215,155.5688
4215,93750.0
4216,86206.9
4216,74190.66
4217,133928.58
4217,57870.375
4218,66964.28
4219,68597.56
4238,974.73486
4346,277.76752
4506,117.797104
4508,12335.527
4515,4815.925
4523,3752.144
4530,2581.2224
4573,791.8817
4587,2193.624
4588,37500.0
4588,54347.824
4589,94936.71
4599,1768.2007
4642,437.9613
4724,413.7855
4725,98110.47
4725,125762.195
4726,36945.812
4726,121323.52
4727,53879.31
4728,67934.78
4728,143382.34
4729,69444.445
4729,47212.234
4730,91463.414
4730,115870.79
4731,52347.715
4732,101656.625
4733,41564.04
4733,91463.414
4734,79066.266
4736,50800.492
4736,105468.75
4737,79066.266
4738,40178.57
4739,14694.356
5188,41.710415
5256,389.09637
5257,110294.12
5257,71202.53
5264,3320.5432
5264,112951.805
5265,40760.87
5272,3316.6274
5272,111607.15
5273,40467.63
5280,4280.8223
5280,99264.7
5281,69444.445
5282,17307.691
5283,110294.12
5284,37688.44
5284,119912.8
5285,39893.617
5288,13909.495
5288,124246.984
5289,45572.914
5297,2861.7217
5297,141715.12
5298,33244.684
5305,3732.9353
5305,111607.15
5306,33967.39
5313,3330.3728
5313,101656.625
5321,2998.401
5321,110294.12
5322,27439.023
5329,5553.9097
5329,111607.15
5330,23091.133
5338,2884.6155
5338,111607.15
5346,5321.2075
5347,100446.43
5354,4857.513
5355,111607.15
5356,53191.492
5362,3869.3987
5363,100446.43
5371,4362.7197
5371,92592.59
5380,4701.605
5381,110294.12
5381,71202.53
5388,3611.7227
5389,96982.76
5389,84134.62
5390,17823.193
5391,107758.62
5391,133928.58
5392,32327.584
5393,123626.375
5393,72115.38
5395,21387.832
5395,104166.67
5396,114583.33
5397,28409.092
5397,129310.34
5398,70312.5
5399,24486.94
5399,105468.75
5400,100446.43
5401,27709.36
5401,40467.63
5402,90361.445
5403,23091.133
5403,104166.67
5404,80030.49
5406,12500.0
5406,149601.06
5407,36057.69
5408,104166.67
5408,38006.754
5409,59419.016
5410,68597.56
5410,130813.95
5411,41564.04
5412,118534.484
5412,143382.34
5413,29296.875
5414,90361.445
5414,129654.25
5415,23320.895
5416,95880.68
5416,99264.7
5419,41821.56
5419,57164.637
5420,122767.86
5421,32327.584
5421,109011.63
5422,100446.43
5423,28846.154
5423,101656.625
5424,114329.27
5425,17959.77
5425,115870.79
5426,68597.56
5427,42775.664
5428,90361.445
5428,118534.484
5429,47110.555
5430,79066.266
5430,67771.086
5431,44291.336
5432,122767.86
5432,132352.94
5433,32451.922
5434,109011.63
5434,127314.82
5436,46340.305
5436,124246.984
5437,84269.664
5438,60334.16
5438,115740.75
5439,113324.18
5440,28409.092
5440,117187.5
5441,104166.67
5442,41977.613
5442,99264.7
5443,135542.17
5444,23674.244
5444,111607.15
5445,115740.75
5446,31719.926
5447,136938.2
5447,133928.58
5448,24038.46
5449,136938.2
5449,111607.15
5450,32703.492
5451,115740.75
5451,124999.99
5452,23320.895
5453,82031.25
5453,95880.68
5455,12175.325
5455,135542.17
5457,25143.678
5457,130813.95
5458,163517.45
5459,31839.621
5459,111607.15
5460,62499.996
5462,37128.715
5462,102896.34
5463,95880.68
5464,32487.625
5465,140086.2
5465,82031.25
5467,34615.383
5467,92592.59
5468,24578.652
5469,143382.34
5469,112951.805
5470,34981.344
5471,123626.375
5471,137195.12
5473,31366.168
5473,110294.12
5474,141715.12
5475,36909.445
5475,104166.67
5476,101656.625
5477,23437.5
5477,92592.59
5478,92719.78
5479,36945.812
5479,122767.86
5480,106534.086
5480,115870.79
5481,40178.57
5482,152616.28
5482,121323.52
5483,29182.879
5484,115870.79
5484,123626.375
5486,52866.543
5486,132352.94
5487,114329.27
5488,32126.17
5489,105468.75
5490,31719.926
5490,132352.94
5491,114329.27
5492,21718.148
5493,106534.086
5493,119912.8
5494,46340.305
5495,152616.28
5495,125762.195
5496,36764.707
5497,141715.12
5497,109011.63
5498,35377.36
5499,150862.06
5499,143382.34
5501,18168.607
5501,112092.39
5502,122282.6
5504,44479.93
5505,124246.984
5505,110294.12
5506,39511.496
5507,99264.7
5507,130813.95
5508,28195.488
5509,107758.62
5509,143382.34
5511,18239.299
5511,115740.75
5512,106534.086
5519,2498.6672
5520,105468.75
5520,152616.28
5521,31366.168
5522,110294.12
5522,145089.28
5523,66964.29
5524,51821.61
5524,135542.17
5525,133928.58
5526,37313.434
5526,135542.17
5527,114329.27
5528,42293.234
5529,110294.12
5529,146837.34
5530,54505.816
5531,36585.367
5531,137195.12
5532,138494.31
5533,28089.889
5533,107758.62
5534,135416.66
5535,46875.0
5535,118534.484
5536,119912.8
5537,31633.434
5538,122767.86
5538,122767.86
5539,46875.0
5540,135542.17
5540,101656.625
5541,45646.07
5542,107758.62
5543,135416.66
5544,23555.277
5544,93750.0
5545,119912.8
5545,88235.29
5547,38860.1
5548,126953.125
5548,129310.34
5549,28266.332
5550,118534.484
5550,141715.12
5551,35112.36
5552,89285.72
5552,89285.72
5554,24395.908
5554,132352.94
5555,143382.34
5556,42293.234
5556,93750.0
5557,109011.63
5558,37913.6
5559,143382.34
5559,127840.91
5561,37044.07
5561,119912.8
5562,93750.0
5563,28735.633
5563,129310.34
5564,92592.59
5565,32703.492
5566,121323.52
5566,129310.34
5567,45475.746
5568,109011.63
5568,93750.0
5569,36407.77
5570,111607.15
5570,102896.34
5571,78125.0
5572,36585.367
5572,78125.0
5573,109011.63
5574,42452.83
5574,133928.58
5575,111607.15
5576,39511.496
5577,99264.7
5577,135542.17
5578,28089.889
5579,111607.15
5579,90361.445
5581,28495.44
5581,109011.63
5582,115870.79
5583,23555.277
5583,124246.984
5584,135542.17
5585,31839.621
5586,106803.805
5586,110294.12
5587,58593.75
5588,27846.535
5588,101656.625
5590,161637.92
5591,42293.234
5591,112951.805
5592,101656.625
5592,63202.246
5593,47831.637
5594,98110.47
5594,119912.8
5596,23076.924
5596,127840.91
5597,77205.88
5598,43103.45
5599,98110.47
5599,122282.6
5600,37688.44
5600,130813.95
5601,114583.33
5602,56475.902
5602,75273.73
5603,132352.94
5603,91463.414
5604,54505.816
5605,35112.36
5605,110294.12
5606,96982.76
5607,46875.0
5607,141715.12
5608,114329.27
5609,39414.414
5610,99264.7
5610,100446.43
5611,28553.299
5612,93750.0
5612,106534.086
5613,78125.0
5614,42775.664
5615,102896.34
5615,109011.63
5617,23510.97
5617,104166.664
5618,77205.88
5619,43436.297
5619,143382.34
5620,99264.7
5622,21210.408
5622,125762.195
5623,50095.42
5624,117187.5
5624,90361.445
5626,20192.309
5626,100446.43
5627,121323.52
5628,32327.586
5628,98110.47
5629,119912.8
5630,35919.54
5632,93750.0
5632,99264.7
5633,89285.72
5634,42399.5
5634,90361.445
5635,135542.17
5636,39062.5
5636,117187.5
5637,76308.14
5637,90361.445
5638,37500.0
5639,111607.15
5639,132352.94
5640,57164.637
5641,53157.22
5641,125762.195
5642,122767.86
5642,55803.574
5643,39893.617
5643,100446.43
5644,124246.984
5644,102896.34
5645,36407.77
5646,118534.484
5646,119912.8
5649,21887.158
5649,55147.06
5651,12335.525
5651,111607.15
5662,2760.3975
5663,99264.7
5663,141715.12
5664,55803.574
5665,39211.027
5665,100446.43
5666,130813.95
5667,17622.18
5667,92592.59
5668,114583.33
5668,130813.95
5669,111607.15
5670,106534.086
5670,136938.2
5671,133928.58
5672,17755.682
5672,102896.34
5673,119912.8
5673,85227.266
5675,40467.63
5676,149147.72
5676,133928.58
5677,111607.15
5678,27709.36
5678,102896.34
5679,127840.91
5679,65406.977
5680,23205.447
5681,88235.29
5681,100446.43
5683,25645.896
5683,112951.805
5684,124999.99
5686,23706.896
5686,92592.59
5687,35646.387
5688,109011.63
5688,129310.34
5689,55147.06
5689,40467.63
5690,86206.9
5691,109011.63
5691,102896.34
5692,27985.074
5693,111607.15
5693,81018.52
5693,124246.984
5695,39062.5
5695,105468.75
5696,100446.43
5696,80030.49
5697,32552.082
5697,119912.8
5698,81018.52
5698,89285.72
5700,23291.926
5700,98110.47
5701,127314.82
5702,42452.83
5703,112951.805
5703,89285.72
5704,83333.33
5705,55970.15
5705,107758.62
5706,121323.52
5707,38336.43
5707,135542.17
5708,105468.75
5708,92719.78
5710,17959.77
5710,122767.86
5711,112951.805
5712,17425.648
5712,106534.086
5713,141715.12
5713,100446.43
5714,41058.395
5715,112951.805
5715,110294.12
5716,104166.664
5718,35112.36
5718,90361.445
5719,109011.63
5719,73735.95
5720,36945.812
5721,143382.34
5721,109011.63
5722,113324.18
5723,43604.656
5724,101656.625
5724,94936.71
5725,18382.354
5726,130813.95
5726,141715.12
5727,145089.28
5728,23674.244
5728,138494.31
5729,105468.75
5729,86206.9
5730,28846.152
5731,129310.34
5731,114329.27
5732,55147.06
5733,27846.535
5733,81018.52
5734,110294.12
5734,75431.03
5735,23915.818
5736,89285.72
5736,135416.66
5737,119485.3
5738,42775.664
5739,105468.75
5739,98110.47
5740,31483.209
5741,138494.31
5742,121323.52
5742,94936.71
5743,20443.926
5744,88235.29
5744,118534.484
5746,43774.316
5746,114583.33
5747,83069.625
5747,65406.977
5748,41564.04
5749,130537.98
5749,89285.72
5750,81018.52
5751,25475.543
5751,117187.49
5752,106534.086
5752,59523.81
5753,39970.934
5754,80030.49
5755,109011.63
5756,28219.062
5756,132352.94
5757,109223.305
5758,38109.754
5760,47588.832
5760,117187.49
5761,119680.85
5762,24671.055
5762,133928.58
5763,80030.49
5763,75431.03
5764,46410.895
5765,104166.67
5765,91463.414
5766,121323.52
5767,33127.207
5768,117187.5
5769,106707.31
5769,144817.06
5770,152439.02
5771,151209.67
5771,138319.69
5773,27043.27
5773,124246.984
5774,80030.49
5776,22189.348
5776,145833.33
5778,14747.19
5779,92719.78
5780,35377.36
5781,109011.63
5781,129310.34
5782,114583.33
5783,46340.305
5783,121323.52
5784,128289.47
5785,28517.11
5786,148628.05
5786,93750.0
5787,106534.086
5788,21387.832
5788,141715.12
5789,109011.63
5789,90361.445
5791,22058.822
5791,140625.0
5792,135416.66
5792,80030.49
5794,34509.2
5794,105468.75
5795,119912.8
5796,26203.416
5797,111607.15
5797,125762.195
5798,66176.47
5799,32977.387
5799,140086.2
5800,123626.375
5800,82031.25
5801,106534.086
5801,130813.95
5803,115740.75
5803,115740.75
5804,99264.7
5805,14686.684
5806,96982.76
5806,71202.53
5809,20461.309
5809,127314.82
5811,29296.875
5811,130813.95
5812,109011.63
5813,25724.086
5814,132472.83
5814,154411.77
5815,89285.72
5816,18168.607
5816,110294.12
5817,146837.34
5817,122767.86
5818,21387.832
5819,99264.7
5819,132352.94
5821,22522.523
5821,143382.34
5822,143382.34
5822,102896.34
5824,14334.863
5824,100446.43
5825,133928.58
5825,101656.625
5827,25535.018
5827,101656.625
5828,111607.15
5828,101656.625
5829,17622.18
5830,101656.625
5830,132352.94
5831,122767.86
5832,21802.328
5832,89285.72
5833,124999.99
5834,154411.77
5835,29296.875
6836,0.0
7086,15.001489
7277,97.91123
7332,337.4973
7750,44.944626
7899,126.16407
8899,0.0
681165,0.07797807
681165,143382.34
681166,110294.12
681166,112951.805
681167,119912.8
681167,138494.31
681168,117187.49
681168,127314.82
681169,121323.52
681169,138494.31
681170,112951.805
681170,80030.49
681171,96982.76
681171,55803.574
681172,45891.61
681174,33010.562
681175,17425.648
681176,17959.77
682165,45.485237
682166,91463.414
682166,102896.34
682167,138494.31
682168,129310.34
682168,138888.89
682169,104166.67
682169,104166.67
682170,127314.82
682170,146837.34
682171,145833.33
682171,135542.17
682172,135542.17
682172,126404.49
682173,122767.86
682173,136938.2
682174,122767.86
682174,132352.94
682175,141715.12
682175,115740.75
682176,91463.414
682176,119912.8
682177,121323.52
682177,127314.82
682178,101656.625
682178,93750.0
682179,102896.34
682179,115740.75
682180,133928.58
682180,127314.82
682181,104166.67
682181,119912.8
682182,117187.5
682183,120000.0
682183,114329.26
682184,97500.0
682185,120967.74
682185,130434.78
682186,135000.0
682187,144817.06
682187,138319.69
682188,105000.0
682189,113407.26
682189,130635.26
682190,120000.0
682191,121951.21
682191,116219.01
682192,112500.0
682193,126050.42
682193,125000.0
682194,125492.12
682195,129573.164
682195,130635.26
682196,112500.0
682198,121951.21
682198,116219.01
682199,127500.0
682200,129573.164
682200,121951.21
682201,121951.21
682202,123966.94
682202,138319.69
682203,135000.0
682204,137195.11
682204,116219.01
682205,113407.26
682206,131714.88
682206,122950.83
682207,129573.164
682208,120000.0
682208,112179.484
682209,116219.01
682210,117187.5
682210,113407.26
682211,129573.164
682212,109375.0
682212,121951.21
682213,123966.94
682214,113407.26
682214,123966.94
682215,106707.31
682216,105846.77
682216,116219.01
682217,131714.88
682218,127500.0
682218,121951.21
682219,120967.74
682219,129573.164
682220,113407.26
682221,143649.2
682221,128528.23
682222,114329.26
682223,113407.26
682223,113407.26
682224,121951.21
682225,114329.26
682225,131714.88
682226,129573.164
682227,128205.125
682227,120000.0
682228,121951.21
682229,121951.21
682229,121951.21
682230,121951.21
682231,121951.21
682231,105846.77
682232,116219.01
682233,113407.26
682233,120967.74
682234,129573.164
682235,129573.164
682235,129573.164
682236,121951.21
682237,121951.21
682237,121951.21
682238,106707.31
682240,121951.21
682240,114329.26
682241,116219.01
682242,116219.01
682242,122950.83
682243,121951.21
682244,121951.21
682244,121951.21
682245,136088.72
682246,121951.21
682246,121951.21
682247,106707.31
682248,106707.31
682248,114329.26
682249,129573.164
682250,129573.164
682250,129573.164
682251,121951.21
682252,127500.0
682252,117187.5
682253,142500.0
682254,140255.89
682254,131714.88
682255,129573.164
682256,129573.164
682256,125000.0
682257,129573.164
682258,113407.26
682258,114329.26
682259,136088.72
682260,114329.26
682260,79449.15
682261,132874.02
682262,129573.164
682262,83165.32
682263,121951.21
682264,129573.164
682264,123966.94
682265,128528.23
682266,137195.11
682266,147210.73
682267,114329.26
682268,118110.23
682268,147210.73
682269,129573.164
682270,131714.88
682270,121951.21
682271,116219.01
682272,121951.21
682272,116219.01
682273,129573.164
682274,123966.94
682274,121228.445
682275,135000.0
682276,105846.77
682276,116219.01
682277,114329.26
682278,130635.26
682278,116219.01
682279,130635.26
682280,120967.74
682280,115266.4
682281,125000.0
682283,132874.02
682283,122950.83
682284,137195.11
682285,137195.11
682285,116219.01
682286,137195.11
682287,129573.164
682287,139462.81
682288,120000.0
682289,106707.31
682289,131714.88
682290,129573.164
682291,129573.164
682291,123966.94
682292,119173.72
682293,135000.0
682293,131714.88
682294,105000.0
682295,141369.05
682295,106707.31
682296,121951.21
682297,123966.94
682297,129573.164
682298,128528.23
682299,127500.0
682299,114329.26
682300,113407.26
682301,129573.164
682301,137195.11
682302,129573.164
682303,120967.74
682303,125000.0
682304,105846.77
682305,105846.77
682305,129573.164
682306,129573.164
682306,130635.26
682307,119173.72
682308,127500.0
682308,114329.26
682309,120967.74
682310,129573.164
682310,129573.164
682311,131714.88
682312,130635.26
682312,121951.21
682313,120967.74
682314,120000.0
682314,137195.11
682315,129573.164
682316,139462.81
682316,130635.26
682317,117187.5
682318,135000.0
682318,137195.11
682319,129573.164
682320,128528.23
682320,119173.72
682321,142500.0
682322,140625.0
682322,135000.0
682323,120000.0
682324,127500.0
682324,119173.72
682326,142500.0
682327,122950.83
682327,127500.0
682328,140625.0
682329,147637.78
682329,120000.0
682330,136088.72
682331,127500.0
682331,136088.72
682332,142500.0
682333,137195.11
682333,120967.74
682334,150000.0
682335,138319.69
682335,127500.0
682336,121951.21
682337,113407.26
682337,129573.164
682338,143649.2
682339,126488.09
682339,131714.88
682340,120000.0
682341,126050.42
682341,112500.0
682342,129573.164
682343,127500.0
682343,125000.0
682344,118172.27
682345,111607.14
682345,119173.72
682346,126488.09
682347,137195.11
682347,137195.11
682348,131714.88
682349,112500.0
682349,129573.164
682350,129573.164
682351,137195.11
682351,123966.94
682352,120000.0
682353,119173.72
682353,127118.63
682354,116219.01
682355,133928.56
682355,140625.0
682356,128528.23
682357,118172.27
682357,120000.0
682358,120000.0
682359,120000.0
682359,130635.26
682360,106707.31
682361,125000.0
682361,147210.73
682362,127500.0
682363,129573.164
682363,129573.164
682364,120000.0
682365,120967.74
682365,130635.26
682366,142500.0
682368,120967.74
682368,120192.305
682369,104166.664
682370,123966.94
682370,125000.0
682371,120000.0
682372,121951.21
682372,131714.88
682373,125000.0
682374,111607.14
682374,116219.01
682375,138319.69
682376,112500.0
682376,106707.31
682377,120000.0
682378,129573.164
682378,111228.805
682379,119047.62
682380,129573.164
682380,107581.98
682381,118172.27
682382,126488.09
682382,144817.06
682383,120000.0
682384,130635.26
682384,122950.83
682385,114329.26
682386,131714.88
682386,116219.01
682387,121951.21
682388,113407.26
682388,128205.125
682389,119047.62
682390,129573.164
682390,122950.83
682391,129573.164
682391,109375.0
682392,105000.0
682393,137195.11
682393,137195.11
682394,136088.72
682395,120967.74
682395,138319.69
682396,129573.164
682397,130635.26
682397,128528.23
682398,127500.0
682399,119173.72
682399,117187.5
682400,107581.98
682401,112500.0
682401,118172.27
682402,135000.0
682403,129573.164
682403,115266.4
682404,105000.0
682405,112500.0
682405,113407.26
682406,115266.4
682407,127500.0
682407,121951.21
682408,110294.12
682409,127500.0
682409,137195.11
682411,135000.0
682412,135000.0
682412,137195.11
682413,129573.164
682414,112500.0
682414,137195.11
682415,144817.06
682416,120000.0
682416,119173.72
682417,123966.94
682418,123966.94
682418,125000.0
682419,142500.0
682420,135000.0
682420,119173.72
682421,139462.81
682422,118110.23
682422,120000.0
682423,120000.0
682424,120000.0
682424,112500.0
682425,141806.73
682426,123966.94
682426,127500.0
682427,140625.0
682428,133928.56
682428,120967.74
682429,120000.0
682430,119047.62
682430,129573.164
682431,135063.55
682432,119047.62
682432,106707.31
682433,140625.0
682434,130635.26
682434,121951.21
682435,120967.74
682436,114329.26
682436,117187.5
682437,111228.805
682438,105846.77
682438,137195.11
682439,132812.5
682440,120000.0
682440,107581.98
682441,121951.21
682442,129573.164
682442,114329.26
682443,129573.164
682444,129573.164
682444,112179.484
682445,123966.94
682446,119047.62
682446,117187.5
682447,129573.164
682448,130635.26
682448,122950.83
682449,130635.26
682450,131714.88
682450,130635.26
682451,120000.0
682452,114329.26
682452,106707.31
682454,130635.26
682455,129573.164
682455,125000.0
682456,128528.23
682457,109375.0
682457,121951.21
682458,128528.23
682459,136088.72
682459,151209.67
682460,128528.23
682461,130635.26
682461,121951.21
682462,116219.01
682463,127500.0
682463,122950.83
682464,107581.98
682465,111228.805
682465,150953.38
682466,120000.0
682467,129573.164
682467,125000.0
682468,105846.77
682469,105000.0
682469,115266.4
682470,107581.98
682471,121951.21
682471,143008.47
682472,104166.664
682473,116219.01
682473,121951.21
682474,129573.164
682475,127500.0
682475,130635.26
682476,107581.98
682477,121951.21
682477,129310.34
682478,150000.0
682479,114329.26
682479,121951.21
682480,123966.94
682480,105000.0
682481,129573.164
682482,115266.4
682482,129573.164
682483,120000.0
682484,109375.0
682484,120000.0
682485,121951.21
682486,113407.26
682486,120000.0
682487,122950.83
682488,120967.74
682488,115266.4
682489,120000.0
682490,127500.0
682490,120000.0
682491,129573.164
682492,129573.164
682492,112500.0
682493,121951.21
682494,114329.26
682494,121951.21
682496,113407.26
682497,105000.0
682497,105000.0
682498,122950.83
682499,122950.83
682499,120000.0
682500,121951.21
682501,121951.21
682501,117187.5
682502,115266.4
682503,114329.26
682503,114329.26
682504,108471.07
682505,108471.07
682505,114329.26
682506,123966.94
682507,123966.94
682507,106707.31
682508,116219.01
682509,116219.01
682509,123966.94
682510,131714.88
682511,128528.23
682511,123966.94
682512,106707.31
682513,104166.664
682513,139462.81
682514,107581.98
682515,108471.07
682515,116219.01
682516,99897.55
682517,106707.31
682517,116219.01
682518,137195.11
682519,139462.81
682519,123966.94
682520,107581.98
682521,123966.94
682521,117187.5
682522,114329.26
682523,144817.06
682523,117187.5
682524,116219.01
682525,129573.164
682525,115266.4
682526,115266.4
682527,114329.26
682527,108471.07
682528,116219.01
682529,130635.26
682529,107581.98
682530,108471.07
682531,123966.94
682531,125000.0
682532,115266.4
682533,115266.4
682533,132812.5
682534,107581.98
682535,123966.94
682535,111228.805
682536,120967.74
682537,108471.07
682537,123966.94
682539,128528.23
682540,132812.5
682540,131714.88
682541,111607.14
682542,116219.01
682542,132812.5
682543,120000.0
682544,140625.0
682544,115266.4
682545,115266.4
682546,130635.26
682546,116219.01
682547,128528.23
682548,115266.4
682548,123966.94
682549,113407.26
682550,138319.69
682550,123966.94
682551,123966.94
682552,123966.94
682552,101562.5
682553,115266.4
682554,130635.26
682554,123966.94
682555,131714.88
682556,130635.26
682556,115266.4
682557,114329.26
682558,114329.26
682558,131714.88
682559,122950.83
682560,122950.83
682560,107581.98
682561,107581.98
682562,122950.83
682562,125000.0
682563,122950.83
682563,122950.83
682564,99897.55
682565,128528.23
682566,121951.21
682566,108471.07
682567,108471.07
682567,123966.94
682568,106707.31
682569,116219.01
682569,131714.88
682570,114329.26
682571,113407.26
682571,132812.5
682572,130635.26
682573,131714.88
682573,121951.21
682574,144817.06
682575,115266.4
682575,115266.4
682576,121951.21
682577,123966.94
682577,130635.26
682578,130635.26
682579,115266.4
682579,129573.164
682580,138319.69
682582,122950.83
682582,130635.26
682583,131714.88
682584,121951.21
682584,131714.88
682585,122950.83
682586,122950.83
682586,146004.11
682587,138319.69
682588,143649.2
682588,130635.26
682589,115266.4
682590,129573.164
682590,115266.4
682591,136088.72
682592,129573.164
682592,125000.0
682593,129573.164
682594,139462.81
682594,129573.164
682595,131714.88
682596,138319.69
682596,123966.94
682597,115266.4
682598,127500.0
682598,115266.4
682599,122950.83
682600,129573.164
682600,116219.01
682601,115266.4
682602,129573.164
682602,122950.83
682603,130635.26
682604,114329.26
682604,125000.0
682605,128528.23
682606,138319.69
682606,117187.5
682607,130635.26
682608,131714.88
682608,125000.0
682609,130635.26
682610,131714.88
682610,122950.83
682611,122950.83
682612,130635.26
682612,107581.98
682613,123966.94
682614,107581.98
682614,115266.4
682615,122950.83
682616,107581.98
682616,116219.01
682617,131714.88
682618,130635.26
682618,119173.72
682619,121951.21
682620,116219.01
682620,125000.0
682621,121951.21
682622,108471.07
682622,109375.0
682624,106707.31
682625,123966.94
682625,100723.14
682626,120967.74
682627,109375.0
682627,116219.01
682628,120967.74
682629,132812.5
682629,122950.83
682630,133928.56
682631,116219.01
682631,125000.0
682632,107581.98
682633,114329.26
682633,117187.5
682634,122950.83
682635,130635.26
682635,131714.88
682636,130635.26
682637,107581.98
682637,123966.94
682638,116219.01
682639,131714.88
682639,115266.4
682640,121951.21
682641,123966.94
682641,117187.5
682642,129573.164
682643,116219.01
682643,123966.94
682644,108471.07
682645,107581.98
682645,131714.88
682646,130635.26
682647,121951.21
682647,116219.01
682648,123966.94
682649,108471.07
682649,131714.88
682650,146004.11
682650,122950.83
682651,122950.83
682652,129573.164
682652,131714.88
682653,115266.4
682654,121951.21
682654,139462.81
682655,115266.4
682656,130635.26
682656,128528.23
682657,129573.164
682658,128528.23
682658,116219.01
682659,130635.26
682660,131714.88
682660,130635.26
682661,130635.26
682662,131714.88
682662,122950.83
682663,130635.26
682664,116219.01
682664,108471.07
682665,139462.81
682667,122950.83
682667,137195.11
682668,139462.81
682669,122950.83
682669,136088.72
682670,138319.69
682671,123966.94
682671,147210.73
682672,138319.69
682673,136088.72
682673,131714.88
682674,144817.06
682675,143649.2
682675,130635.26
682676,129573.164
682677,120967.74
682677,123966.94
682678,129573.164
682679,121951.21
682679,114329.26
682680,137195.11
682681,131714.88
682681,137195.11
682682,139462.81
682683,130635.26
682683,129573.164
682684,131714.88
682685,128528.23
682685,131714.88
682686,123966.94
682687,111607.14
682687,126050.42
682688,129573.164
682689,122950.83
682689,133928.58
682690,115266.4
682691,121951.21
682691,117187.5
682692,113407.26
682693,123966.94
682693,125000.0
682694,130635.26
682695,121951.21
682695,128205.125
682696,115266.4
682697,115266.4
682697,115266.4
682698,130635.26
682699,121951.21
682699,123966.94
682700,123966.94
682701,123966.94
682701,131714.88
682702,130635.26
682703,131714.88
682703,132812.5
682704,122950.83
682705,122950.83
682705,122950.83
682706,121951.21
682707,121951.21
682707,117187.5
682708,121951.21
682710,107581.98
682710,131714.88
682711,132874.02
682712,132812.5
682712,132812.5
682713,120000.0
682714,125000.0
682714,122950.83
682715,135000.0
682716,127118.63
682716,117187.5
682717,115266.4
682718,129573.164
682718,131714.88
682719,120967.74
682720,121951.21
682720,125000.0
682721,121951.21
682722,130635.26
682722,116219.01
682723,131714.88
682724,138319.69
682724,109375.0
682725,115266.4
682726,122950.83
682726,115266.4
682727,122950.83
682728,122950.83
682728,101562.5
682729,115266.4
682730,129573.164
682730,130635.26
682731,131714.88
682732,129573.164
682732,125000.0
682733,129573.164
682734,131714.88
682734,138319.69
682735,131714.88
682736,138319.69
682736,125000.0
682737,114329.26
682737,138319.69
682738,121951.21
682739,131714.88
682739,115266.4
682740,121951.21
682741,106707.31
682741,121951.21
682742,113407.26
682743,123966.94
682743,122950.83
682744,114329.26
682745,99897.55
682745,129573.164
682746,131714.88
682747,144817.06
682747,130635.26
682748,123966.94
682749,114329.26
682749,123966.94
682750,123966.94
682752,106707.31
682752,123966.94
682753,99897.55
682754,129573.164
682754,122950.83
682755,114329.26
682756,123966.94
682756,114329.26
682757,106707.31
682758,129573.164
682758,106707.31
682759,100723.14
682760,116219.01
682760,108471.07
682761,123966.94
682762,114329.26
682762,123966.94
682763,137195.11
682764,123966.94
682764,129573.164
682765,123966.94
682766,108471.07
682766,131714.88
682767,114329.26
682768,123966.94
682768,106707.31
682769,118172.27
682770,112500.0
682770,123966.94
682771,114329.26
682772,131714.88
682772,100723.14
682773,121951.21
682774,111607.14
682774,139462.81
682775,115266.4
682776,121951.21
682776,108471.07
682777,131714.88
682778,116219.01
682778,129573.164
682779,131714.88
682780,129573.164
682780,126050.42
682781,120000.0
682782,123966.94
682782,132812.5
682783,108471.07
682784,106707.31
682784,119173.72
682785,108471.07
682786,129573.164
682786,125000.0
682787,114329.26
682788,114329.26
682788,118172.27
682789,129573.164
682790,137195.11
682790,108471.07
682791,131714.88
682792,130635.26
682792,108471.07
682793,131714.88
682795,130635.26
682795,125000.0
682796,138319.69
682797,126050.42
682797,130635.26
682798,114329.26
682799,131714.88
682799,140625.0
682800,106707.31
682801,123966.94
682801,123966.94
682802,129573.164
682803,131714.88
682803,132812.5
682804,120000.0
682805,110294.12
682805,139462.81
682806,135000.0
682807,114329.26
682807,116219.01
682808,116219.01
682809,100723.14
682809,131714.88
682810,118110.23
682811,139462.81
682811,132812.5
682812,112500.0
682813,121951.21
682813,109375.0
682814,108471.07
682815,123966.94
682815,110294.12
682816,114329.26
682817,123966.94
682817,123966.94
682818,120000.0
682819,123966.94
682819,123966.94
682820,123966.94
682821,106707.31
682821,132812.5
682822,122950.83
682823,114329.26
682823,116219.01
682824,106707.31
682824,106707.31
682825,121951.21
682826,121951.21
682826,144817.06
682827,131714.88
682828,125492.12
682828,122950.83
682829,115266.4
682830,144817.06
682830,144817.06
682831,130635.26
682832,128528.23
682832,132812.5
682833,112500.0
682834,129573.164
682834,131714.88
682835,130635.26
682836,147210.73
682836,137195.11
682838,129573.164
682839,116219.01
682839,131714.88
682840,125492.12
682841,130635.26
682841,108471.07
682842,137195.11
682843,133928.58
682843,127500.0
682844,137195.11
682845,116219.01
682845,116219.01
682846,129573.164
682847,131714.88
682847,138319.69
682848,118172.27
682849,131714.88
682849,110728.34
682850,125000.0
682851,109863.28
682851,115266.4
682852,122950.83
682853,108471.07
682853,121951.21
682854,114329.26
682855,108471.07
682855,127500.0
682856,106707.31
682857,129573.164
682857,131714.88
682858,129573.164
682859,139462.81
682859,130635.26
682860,123966.94
682861,128528.23
682861,115266.4
682862,144817.06
682863,130635.26
682863,118172.27
682864,129573.164
682865,131714.88
682865,130635.26
682866,121951.21
682867,116219.01
682867,132812.5
682868,139462.81
682869,120000.0
682869,117187.5
682870,122950.83
682871,108471.07
682871,122950.83
682872,115266.4
682873,99897.55
682873,132812.5
682874,135000.0
682875,120000.0
682875,116219.01
682876,123966.94
682877,131714.88
682877,125000.0
682878,122950.83
682880,106707.31
682880,126050.42
682881,106707.31
682882,105000.0
682882,109375.0
682883,114329.26
682884,108471.07
682884,114329.26
682885,113407.26
682886,131714.88
682886,117187.5
682887,126488.09
682888,116219.01
682888,108471.07
682889,120967.74
682890,132812.5
682890,125000.0
682891,120000.0
682892,110294.12
682892,99085.36
682893,114329.26
682894,108471.07
682894,132812.5
682895,115266.4
682896,123966.94
682896,106707.31
682897,114329.26
682898,131714.88
682898,117187.5
682899,122950.83
682900,130635.26
682900,118172.27
682901,121951.21
682902,114329.26
682902,139462.81
682903,122950.83
682904,108471.07
682904,99085.36
682905,131714.88
682906,130635.26
682906,125000.0
682907,130635.26
682908,131714.88
682908,132812.5
682909,125492.12
682910,130635.26
682910,117187.5
682911,108471.07
682911,121951.21
682912,106707.31
682913,123966.94
682913,108471.07
682914,121951.21
682915,121951.21
682915,123966.94
682916,99085.36
682917,123966.94
682917,123966.94
682918,137195.11
682919,111607.14
682919,126050.42
682920,115266.4
682921,115266.4
682921,121951.21
682923,123966.94
682924,121951.21
682924,121951.21
682925,118172.27
682926,127500.0
682926,129573.164
682927,131714.88
682928,130635.26
682928,123966.94
682929,121951.21
682930,131714.88
682930,130635.26
682931,123966.94
682932,114329.26
682932,123966.94
682933,108471.07
682934,121951.21
682934,114329.26
682935,123966.94
682936,108471.07
682936,114329.26
682937,121951.21
682938,131714.88
682938,121951.21
682939,139462.81
682940,130635.26
682940,123966.94
682941,114329.26
682942,131714.88
682942,122950.83
682943,122950.83
682944,108471.07
682944,114329.26
682945,131714.88
682946,118110.23
682946,114329.26
682947,123966.94
682948,108471.07
682948,114329.26
682949,116219.01
682950,123966.94
682950,117187.5
682951,100723.14
682952,114329.26
682952,109375.0
682953,114329.26
682954,131714.88
682954,125000.0
682955,107581.98
682956,114329.26
682956,100723.14
682957,123966.94
682958,123966.94
682958,123966.94
682959,123966.94
682960,108471.07
682960,106707.31
682961,108471.07
682962,123966.94
682962,125000.0
682963,113407.26
682964,114329.26
682964,108471.07
682966,114329.26
682967,131714.88
682967,138319.69
682968,131714.88
682969,114329.26
682969,108471.07
682970,131714.88
682971,130635.26
682971,140625.0
682972,120000.0
682973,110294.12
682973,123966.94
682974,105000.0
682975,123966.94
682975,132812.5
682976,99085.36
682977,116219.01
682977,141806.73
682978,109863.28
682979,132812.5
682979,115266.4
682980,114329.26
682981,106707.31
682981,118172.27
682982,112500.0
682983,100723.14
682983,127118.63
682984,120000.0
682985,108471.07
682985,122950.83
682986,122950.83
682987,137195.11
682987,117187.5
682988,114329.26
682989,116219.01
682989,125000.0
682990,113407.26
682991,131714.88
682991,125000.0
682992,113407.26
682993,110294.12
682993,106707.31
682994,123966.94
682995,108471.07
682995,116219.01
682996,116219.01
682996,100723.14
682997,105000.0
682998,116219.01
682998,123966.94
682999,129573.164
683000,99085.36
683000,116219.01
683001,108471.07
683002,108471.07
683002,123966.94
683003,121951.21
683004,108471.07
683004,106707.31
683005,116219.01
683006,105846.77
683006,101562.5
683008,122950.83
683009,122950.83
683009,99085.36
683010,116219.01
683011,123966.94
683011,129573.164
683012,100723.14
683013,116219.01
683013,118110.23
683014,113407.26
683015,113407.26
683015,105846.77
683016,90725.805
683017,96726.19
683017,122950.83
683018,120000.0
683019,105846.77
683019,114329.26
683020,113407.26
683021,113407.26
683021,120967.74
683022,120967.74
683023,119047.62
683023,120967.74
683024,104166.664
683025,113407.26
683025,120967.74
683026,120967.74
683027,120967.74
683027,113407.26
683028,105846.77
683029,98286.29
683029,113407.26
683030,137195.11
683031,120967.74
683031,113407.26
683032,105846.77
683033,105846.77
683033,128528.23
683034,127500.0
683035,127500.0
683035,129573.164
683036,111228.805
683037,118110.23
683037,121951.21
683038,120967.74
683039,119047.62
683039,108471.07
683040,96726.19
683041,97500.0
683041,116219.01
683042,120967.74
683043,114329.26
683043,116219.01
683044,105846.77
683045,98286.29
683045,123966.94
683046,119047.62
683047,111607.14
683047,107581.98
683048,105846.77
683049,113407.26
683049,114329.26
683051,128528.23
683052,121951.21
683052,120967.74
683053,105846.77
683054,120967.74
683054,116219.01
683055,128528.23
683056,127500.0
683056,121951.21
683057,115266.4
683058,127500.0
683058,121951.21
683059,135000.0
683060,120967.74
683060,106707.31
683061,113407.26
683062,105000.0
683062,114329.26
683063,127500.0
683064,105000.0
683064,108471.07
683065,117187.5
683066,119047.62
683066,143649.2
683067,127500.0
683068,126488.09
683068,121951.21
683069,105000.0
683070,119047.62
683070,121951.21
683071,105000.0
683072,105846.77
683072,114130.44
683073,103346.45
683074,104166.664
683074,116219.01
683075,119047.62
683076,105846.77
683076,106707.31
683077,119047.62
683078,120967.74
683078,120967.74
683079,128528.23
683080,137195.11
683080,99085.36
683081,113407.26
683082,128528.23
683082,142500.0
683083,113407.26
683084,120967.74
683084,114329.26
683085,114329.26
683086,119173.72
683086,118110.23
683087,128528.23
683087,114329.26
683088,125000.0
683089,125492.12
683089,120967.74
683090,128528.23
683091,127500.0
683091,119047.62
683092,114329.26
683094,113407.26
683094,128528.23
683095,119047.62
683096,128528.23
683096,120000.0
683097,106707.31
683098,104166.664
683098,120967.74
683099,136088.72
683100,135000.0
683100,114329.26
683101,113407.26
683102,114329.26
683102,119047.62
683103,141369.05
683104,144817.06
683104,113407.26
683105,119173.72
683106,116219.01
683106,126488.09
683107,128528.23
683108,127500.0
683108,105846.77
683109,119173.72
683110,131714.88
683110,119047.62
683111,104166.664
683112,105846.77
683112,104166.664
683113,115266.4
683114,111607.14
683114,128528.23
683115,119047.62
683116,109375.0
683116,104166.664
683117,146004.11
683118,128528.23
683118,144817.06
683119,128528.23
683120,127500.0
683120,106707.31
683121,113407.26
683122,131835.94
683122,139462.81
683123,126050.42
683124,124511.72
683124,128205.125
683125,104166.664
683126,103346.45
683126,136088.72
683127,120000.0
683128,93750.0
683128,117187.5
683129,124511.72
683130,126488.09
683130,128528.23
683131,144817.06
683132,136088.72
683132,112179.484
683133,110728.34
683134,119047.62
683134,105846.77
683136,119047.62
683137,111607.14
683137,100723.14
683138,132812.5
683139,115266.4
683139,120000.0
683140,126488.09
683141,105846.77
683141,121951.21
683142,105846.77
683143,120967.74
683143,121951.21
683144,112500.0
683145,113407.26
683145,120967.74
683146,125492.12
683147,128528.23
683147,121951.21
683148,127500.0
683149,113407.26
683149,123966.94
683150,132874.02
683151,128528.23
683151,121951.21
683152,127500.0
683153,107581.98
683153,123966.94
683154,111607.14
683155,128528.23
683155,120000.0
683156,103283.89
683157,105000.0
683157,121951.21
683158,112500.0
683159,115266.4
683159,120967.74
683160,120967.74
683161,106707.31
683161,128528.23
683162,135000.0
683163,133928.56
683163,129573.164
683164,126488.09
683165,128528.23
683165,121951.21
683166,120967.74
683167,141369.05
683167,116219.01
683168,109375.0
683169,123966.94
683169,129573.164
683170,119047.62
683171,114329.26
683171,123966.94
683172,113407.26
683173,119173.72
683173,111607.14
683174,127500.0
683175,119047.62
683175,123966.94
683176,105846.77
683176,120967.74
683177,126488.09
683179,136088.72
683179,126488.09
683180,136088.72
683181,118110.23
683181,113407.26
683182,126488.09
683183,136088.72
683183,127500.0
683184,119047.62
683185,119173.72
683185,125492.12
683186,127118.63
683187,133928.56
683187,135000.0
683188,119047.62
683189,119173.72
683189,110728.34
683190,113407.26
683191,111607.14
683191,128528.23
683192,120000.0
683193,125000.0
683193,122950.83
683194,119047.62
683195,126488.09
683195,141369.05
683196,127500.0
683197,128528.23
683197,114329.26
683198,119047.62
683199,119047.62
683199,128528.23
683200,105000.0
683201,104166.664
683201,127118.63
683202,110728.34
683203,114329.26
683203,128528.23
683204,105000.0
683205,105846.77
683205,106707.31
683206,119047.62
683207,137195.11
683207,120967.74
683208,119047.62
683209,119047.62
683209,116219.01
683210,126488.09
683211,133928.56
683211,142500.0
683212,105846.77
683213,111228.805
683213,120967.74
683214,113407.26
683215,113407.26
683215,114329.26
683216,104166.664
683217,118172.27
683217,132812.5
683218,126488.09
683219,128528.23
683219,121951.21
683220,120967.74
683222,120967.74
683222,129573.164
683223,144817.06
683224,120967.74
683224,127118.63
683225,110728.34
683226,106707.31
683226,131714.88
683227,127500.0
683228,128528.23
683228,130635.26
683229,140625.0
683230,119047.62
683230,129573.164
683231,133928.56
683232,141369.05
683232,103283.89
683233,117187.5
683234,114329.26
683234,129573.164
683235,141369.05
683236,113407.26
683236,116219.01
683237,119047.62
683238,119173.72
683238,120967.74
683239,110728.34
683240,120967.74
683240,108471.07
683241,127118.63
683242,126488.09
683242,114329.26
683243,113407.26
683244,111607.14
683244,115266.4
683245,133928.56
683246,120000.0
683246,129573.164
683247,128528.23
683248,119047.62
683248,121951.21
683249,128528.23
683250,127500.0
683250,129573.164
683251,132812.5
683252,117187.5
683252,122950.83
683253,106707.31
683254,105846.77
683254,114329.26
683255,106707.31
683256,104166.664
683256,108471.07
683257,125000.0
683258,109863.28
683258,121951.21
683259,142500.0
683260,128528.23
683260,121951.21
683261,135000.0
683262,137195.11
683262,120967.74
683264,111607.14
683264,127500.0
683265,113407.26
683266,125000.0
683266,110728.34
683267,120967.74
683268,109375.0
683268,109375.0
683269,111607.14
683270,120967.74
683270,104166.664
683271,120967.74
683272,111607.14
683272,112500.0
683273,120967.74
683274,126488.09
683274,126488.09
683275,128528.23
683276,120000.0
683276,137195.11
683277,120967.74
683278,128528.23
683278,126488.09
683279,120967.74
683280,119047.62
683280,104166.664
683281,115266.4
683282,119047.62
683282,119173.72
683283,119047.62
683284,114329.26
683284,104166.664
683285,120967.74
683286,113407.26
683286,144817.06
683287,128528.23
683288,112500.0
683288,105000.0
683289,120967.74
683290,136088.72
683290,152439.02
683291,128528.23
683292,135000.0
683292,140625.0
683293,119047.62
683294,126488.09
683294,126488.09
683295,120967.74
683296,119173.72
683296,119173.72
683297,111607.14
683298,118172.27
683298,140625.0
683299,111607.14
683300,110728.34
683300,106707.31
683301,120967.74
683302,119047.62
683302,114329.26
683303,128528.23
683304,120000.0
683304,135063.55
683305,132874.02
683307,141369.05
683307,151209.67
683308,128528.23
683309,120000.0
683309,129573.164
683310,121951.21
683311,127500.0
683311,128205.125
683312,109375.0
683313,125000.0
683313,157563.03
683314,126488.09
683315,126488.09
683315,131714.88
683316,127500.0
683317,111607.14
683317,128528.23
683318,126488.09
683319,119047.62
683319,120192.305
683320,117187.5
683321,111607.14
683321,119173.72
683322,124511.72
683323,136088.72
683323,122950.83
683324,125492.12
683325,113407.26
683325,121951.21
683326,119047.62
683327,128528.23
683327,114329.26
683328,111607.14
683329,111228.805
683329,128528.23
683330,127500.0
683331,128528.23
683331,121951.21
683332,105846.77
683333,106707.31
683333,129573.164
683334,128528.23
683335,127500.0
683335,116219.01
683336,104166.664
683337,107581.98
683337,131714.88
683338,135000.0
683339,148809.52
683339,138319.69
683340,114329.26
683341,111607.14
683341,122950.83
683342,152439.02
683343,121951.21
683343,119173.72
683344,116219.01
683345,140625.0
683345,130635.26
683346,133928.56
683347,135000.0
683347,129573.164
683348,127118.63
683348,126488.09
683350,126488.09
683351,120967.74
683351,148437.5
683352,133928.56
683353,132812.5
683353,115266.4
683354,148809.52
683355,148809.52
683355,127500.0
683356,126488.09
683357,128528.23
683357,132812.5
683358,138319.69
683359,131714.88
683359,133928.56
683360,141806.73
683361,140625.0
683361,117187.5
683362,126488.09
683363,121951.21
683363,133928.58
683364,122950.83
683365,107581.98
683365,131714.88
683366,132812.5
683367,138319.69
683367,110728.34
683368,111607.14
683369,120967.74
683369,136217.94
683370,132874.02
683371,120000.0
683371,117187.5
683372,122950.83
683373,122950.83
683373,139160.16
683374,135000.0
683375,128528.23
683375,132812.5
683376,109375.0
683377,118110.23
683377,119047.62
683378,136088.72
683379,135000.0
683379,127118.63
683380,116219.01
683381,119047.62
683381,125000.0
683382,124511.72
683383,127500.0
683383,114329.26
683384,111228.805
683385,108471.07
683385,136088.72
683386,120000.0
683387,119047.62
683387,128528.23
683388,126488.09
683389,111607.14
683389,130635.26
683390,128528.23
683392,135000.0
683392,120192.305
683393,110728.34
683394,105000.0
683394,116219.01
683395,111607.14
683396,128528.23
683396,129573.164
683397,106707.31
683398,109375.0
683398,113407.26
683399,119047.62
683400,119047.62
683400,99085.36
683401,128528.23
683402,114329.26
683402,123966.94
683403,141369.05
683404,126488.09
683404,121951.21
683405,113407.26
683406,113407.26
683406,121951.21
683407,121951.21
683408,129573.164
683408,113407.26
683409,128528.23
683410,119047.62
683410,121951.21
683411,135000.0
683412,128528.23
683412,114329.26
683413,135000.0
683414,130635.26
683414,129573.164
683415,114329.26
683416,113407.26
683416,116219.01
683417,125000.0
683418,125492.12
683418,137195.11
683419,125000.0
683420,133928.56
683420,130635.26
683421,128528.23
683422,127500.0
683422,114329.26
683423,119047.62
683424,128528.23
683424,112179.484
683425,118110.23
683426,132812.5
683426,127500.0
683427,114329.26
683428,111607.14
683428,122950.83
683429,112500.0
683430,115266.4
683430,129573.164
683431,121951.21
683432,126050.42
683432,102539.06
683433,135000.0
683435,136088.72
683435,129573.164
683436,133928.56
683437,135000.0
683437,123966.94
683438,136088.72
683438,135000.0
683439,141369.05
683440,117187.5
683440,115266.4
683441,141369.05
683442,140625.0
683442,122950.83
683443,124511.72
683444,127118.63
683444,116219.01
683445,125000.0
683446,109863.28
683446,128528.23
683447,126050.42
683448,138319.69
683448,118110.23
683449,133928.56
683450,135000.0
683450,120967.74
683451,126488.09
683452,148809.52
683452,114329.26
683453,128528.23
683454,125000.0
683454,126488.09
683455,132812.5
683456,115266.4
683456,111607.14
683457,112500.0
683458,143008.47
683458,126488.09
683459,114329.26
683460,119047.62
683460,111607.14
683461,118172.27
683462,119047.62
683462,120967.74
683463,119047.62
683464,119173.72
683464,103346.45
683465,128528.23
683466,112500.0
683466,128528.23
683467,120000.0
683468,113407.26
683468,113407.26
683469,113407.26
683470,117187.5
683470,129573.164
683471,114329.26
683472,131835.94
683472,108471.07
683473,119047.62
683474,126488.09
683474,129573.164
683475,128528.23
683476,111607.14
683476,116219.01
683478,128528.23
683479,101562.5
683479,135000.0
683480,113407.26
683481,111607.14
683481,116219.01
683482,121951.21
683483,136088.72
683483,121951.21
683484,115266.4
683485,133928.56
683485,118172.27
683486,126488.09
683487,128528.23
683487,114329.26
683488,120967.74
683489,111228.805
683489,128528.23
683490,127500.0
683491,132812.5
683491,120000.0
683492,111607.14
683493,107581.98
683493,122950.83
683494,119047.62
683495,120967.74
683495,108471.07
683496,103346.45
683497,110294.12
683497,119047.62
683498,135000.0
683499,115266.4
683499,121951.21
683500,112500.0
683501,114329.26
683501,131714.88
683502,135000.0
683503,136088.72
683503,114329.26
683504,109375.0
683505,119047.62
683505,123966.94
683506,126488.09
683507,128528.23
683507,110294.12
683508,108471.07
683509,108471.07
683509,120967.74
683510,119047.62
683511,105846.77
683511,113407.26
683512,96726.19
683513,99897.55
683513,137195.11
683514,136088.72
683515,135000.0
683515,121951.21
683516,105846.77
683517,120967.74
683517,121951.21
683518,120000.0
683520,105846.77
683520,112179.484
683521,102415.97
683522,99897.55
683522,119047.62
683523,120967.74
683524,113407.26
683524,113407.26
683525,107581.98
683525,116219.01
683526,116219.01
683527,99085.36
683527,100723.14
683528,92975.2
683529,119047.62
683529,125000.0
683530,122950.83
683531,107581.98
683531,108471.07
683532,100723.14
683533,106707.31
683533,123966.94
683534,137195.11
683535,108471.07
683535,114329.26
683536,116219.01
683537,100723.14
683537,131714.88
683538,121951.21
683539,137195.11
683539,114329.26
683540,109375.0
683541,122950.83
683541,122950.83
683542,107581.98
683543,123966.94
683543,107581.98
683544,115266.4
683545,108471.07
683545,130635.26
683546,129573.164
683547,131714.88
683547,129573.164
683548,108471.07
683549,114329.26
683549,108471.07
683550,123966.94
683551,131714.88
683551,122950.83
683552,122950.83
683553,99897.55
683553,130635.26
683554,131714.88
683555,120967.74
683555,131714.88
683556,106707.31
683557,99085.36
683557,123966.94
683558,121951.21
683559,108471.07
683559,125000.0
683560,99085.36
683561,107581.98
683561,117187.5
683563,143649.2
683564,120967.74
683564,122950.83
683565,122950.83
683566,130635.26
683566,123966.94
683567,121951.21
683568,116219.01
683568,108471.07
683569,132812.5
683570,121951.21
683570,132812.5
683571,129573.164
683572,131714.88
683572,115266.4
683573,122950.83
683574,107581.98
683574,132812.5
683575,122950.83
683576,121951.21
683576,117187.5
683577,138319.69
683578,115266.4
683578,131714.88
683579,129573.164
683580,116219.01
683580,125000.0
683581,130813.97
683582,118172.27
683582,108471.07
683583,121951.21
683584,123966.94
683584,101562.5
683585,131835.94
683586,109375.0
683586,116219.01
683587,102539.06
683588,117187.5
683588,125000.0
683589,122950.83
683590,114329.26
683590,131714.88
683591,99897.55
683592,120967.74
683592,101562.5
683593,137195.11
683594,114329.26
683594,123966.94
683595,129573.164
683596,131714.88
683596,108471.07
683597,113407.26
683598,123966.94
683598,139462.81
683599,123966.94
683600,130635.26
683600,116219.01
683601,131714.88
683602,115266.4
683602,139462.81
683603,130635.26
683604,121951.21
683604,125000.0
683606,120967.74
683607,130635.26
683607,117187.5
683608,115266.4
683608,129573.164
683609,130635.26
683610,138319.69
683610,139462.81
683611,129573.164
683612,123966.94
683612,131714.88
683613,114329.26
683614,131714.88
683614,138319.69
683615,131714.88
683616,130635.26
683616,129573.164
683617,138319.69
683618,121951.21
683618,115266.4
683619,129573.164
683620,115266.4
683620,121951.21
683621,106707.31
683622,122950.83
683622,130635.26
683623,122950.83
683624,121951.21
683624,116219.01
683625,131714.88
683626,130635.26
683626,131714.88
683627,144817.06
683628,129573.164
683628,123966.94
683629,129573.164
683630,131714.88
683630,115266.4
683631,115266.4
683632,129573.164
683632,107581.98
683633,144817.06
683634,137195.11
683634,121951.21
683635,131714.88
683636,115266.4
683636,121951.21
683637,123966.94
683638,123966.94
683638,108471.07
683639,138319.69
683640,116219.01
683640,115266.4
683641,115266.4
683642,127500.0
683642,131714.88
683643,121951.21
683644,124511.72
683644,132812.5
683645,122950.83
683646,106707.31
683646,125000.0
683648,122950.83
683649,106707.31
683649,101562.5
683650,122950.83
683651,121951.21
683651,125000.0
683652,128528.23
683653,137195.11
683653,116219.01
683654,123966.94
683655,137195.11
683655,131714.88
683656,114329.26
683657,116219.01
683657,123966.94
683658,116219.01
683659,125000.0
683659,116219.01
683660,114329.26
683661,117187.5
683661,115266.4
683662,129573.164
683663,116219.01
683663,123966.94
683664,108471.07
683665,114329.26
683665,117187.5
683666,130635.26
683667,114329.26
683667,132812.5
683668,132874.02
683669,109375.0
683669,123966.94
683670,141369.05
683671,132812.5
683671,115266.4
683672,125492.12
683673,125000.0
683673,139462.81
683674,122950.83
683675,136088.72
683675,130635.26
683676,132812.5
683677,129573.164
683677,131714.88
683678,130635.26
683679,121951.21
683679,132812.5
683680,128528.23
683681,115266.4
683681,131714.88
683682,130635.26
683683,138319.69
683683,117187.5
683684,121951.21
683685,123966.94
683685,132812.5
683686,121951.21
683687,131714.88
683687,116219.01
683688,122950.83
683689,122950.83
683689,121951.21
683691,139462.81
683692,129573.164
683692,140625.0
683693,129573.164
683694,115266.4
683694,123966.94
683695,139462.81
683696,137195.11
683696,132812.5
683697,146004.11
683697,144817.06
683698,153688.53
683699,144817.06
683699,138319.69
683700,121951.21
683701,138319.69
683701,123966.94
683702,129573.164
683703,131714.88
683703,144817.06
683704,137195.11
683705,137195.11
683705,137195.11
683706,138319.69
683707,138319.69
683707,128528.23
683708,138319.69
683709,115266.4
683709,144817.06
683710,122950.83
683711,122950.83
683711,122950.83
683712,121951.21
683713,121951.21
683713,122950.83
683714,130635.26
683715,130635.26
683715,146004.11
683716,128528.23
683717,121951.21
683717,123966.94
683718,123966.94
683719,123966.94
683719,121951.21
683720,116219.01
683721,116219.01
683721,132812.5
683722,121951.21
683723,131714.88
683723,121951.21
683724,114329.26
683725,114329.26
683725,131714.88
683726,115266.4
683727,115266.4
683727,130635.26
683728,122950.83
683729,105000.0
683729,131714.88
683730,130635.26
683731,133928.56
683731,116219.01
683732,122950.83
683734,122950.83
683734,132812.5
683735,129573.164
683736,129573.164
683736,117187.5
683737,121951.21
683738,130635.26
683738,123966.94
683739,137195.11
683740,139462.81
683740,131714.88
683741,137195.11
683742,131714.88
683742,115266.4
683743,130635.26
683744,131714.88
683744,115266.4
683745,123966.94
683746,137195.11
683746,116219.01
683747,123966.94
683748,114329.26
683748,123966.94
683749,123966.94
683750,107581.98
683750,123966.94
683751,114329.26
683752,117187.5
683752,100723.14
683753,121951.21
683754,131714.88
683754,122950.83
683755,124511.72
683756,119173.72
683756,116219.01
683757,133928.56
683758,115266.4
683758,132812.5
683759,132874.02
683760,116219.01
683760,123966.94
683761,131835.94
683762,116219.01
683762,117187.5
683763,138319.69
683764,130635.26
683764,125000.0
683765,107581.98
683766,107581.98
683766,116219.01
683767,99897.55
683768,106707.31
683768,100723.14
683769,130635.26
683770,130635.26
683770,123966.94
683771,116219.01
683772,116219.01
683772,109375.0
683773,108471.07
683774,137195.11
683774,125000.0
683776,122950.83
683777,122950.83
683777,107581.98
683778,108471.07
683779,108471.07
683779,123966.94
683780,131714.88
683781,116219.01
683781,105846.77
683782,116219.01
683783,116219.01
683783,103283.89
683784,116219.01
683784,116219.01
683785,114329.26
683786,108471.07
683786,106707.31
683787,123966.94
683788,100723.14
683788,100723.14
683789,123966.94
683790,111607.14
683790,110294.12
683791,123966.94
683792,131714.88
683792,129573.164
683793,114329.26
683794,123966.94
683794,121951.21
683795,114329.26
683796,123966.94
683796,123966.94
683797,114329.26
683798,108471.07
683798,129573.164
683799,123966.94
683800,114329.26
683800,116219.01
683801,131714.88
683802,121951.21
683802,121951.21
683803,131714.88
683804,138319.69
683804,123966.94
683805,114329.26
683806,123966.94
683806,108471.07
683807,108471.07
683808,121951.21
683808,116219.01
683809,108471.07
683810,121951.21
683810,112500.0
683811,123966.94
683812,114329.26
683812,123966.94
683813,131714.88
683814,122950.83
683814,107581.98
683815,131714.88
683816,122950.83
683816,114329.26
683817,121951.21
683819,133928.56
683819,122950.83
683820,116219.01
683821,135000.0
683821,111228.805
683822,117187.5
683823,135000.0
683823,132812.5
683824,122950.83
683825,131714.88
683825,136088.72
683826,115266.4
683827,123966.94
683827,130635.26
683828,106707.31
683829,116219.01
683829,123966.94
683830,127500.0
683831,108471.07
683831,116219.01
683832,114329.26
683833,106707.31
683833,132812.5
683834,144817.06
683835,115266.4
683835,122950.83
683836,106707.31
683837,131714.88
683837,109375.0
683838,123966.94
683839,137195.11
683839,126050.42
683840,127500.0
683841,115266.4
683841,125000.0
683842,139160.16
683843,109375.0
683843,121951.21
683844,109863.28
683845,111228.805
683845,123966.94
683846,109863.28
683847,125000.0
683847,115266.4
683848,108471.07
683849,112500.0
683849,125000.0
683850,144817.06
683851,130635.26
683851,123966.94
683852,137195.11
683853,114329.26
683853,132812.5
683854,138319.69
683855,129573.164
683855,123966.94
683856,139462.81
683857,120000.0
683857,123966.94
683858,126050.42
683859,127500.0
683859,132812.5
683860,120000.0
683862,129573.164
683862,123966.94
683863,139462.81
683864,120000.0
683864,123966.94
683865,121951.21
683866,106707.31
683866,141806.73
683867,127500.0
683868,138319.69
683868,123966.94
683869,139462.81
683869,120000.0
683870,121951.21
683871,131714.88
683871,144817.06
683872,132812.5
683873,110728.34
683873,131714.88
683874,118110.23
683875,139462.81
683875,120000.0
683876,123966.94
683877,108471.07
683877,137195.11
683878,121951.21
683879,127500.0
683879,108471.07
683880,114329.26
683881,123966.94
683881,120000.0
683882,121951.21
683883,139462.81
683883,125000.0
683884,118110.23
683885,106707.31
683885,139462.81
683886,130635.26
683887,121951.21
683887,121951.21
683888,123966.94
683889,131714.88
683889,118110.23
683890,123966.94
683891,144817.06
683891,139462.81
683892,120000.0
683893,123966.94
683893,123966.94
683894,114329.26
683895,108471.07
683895,121951.21
683896,106707.31
683897,131714.88
683897,135000.0
683898,120000.0
683899,121951.21
683899,121951.21
683900,123966.94
683901,131714.88
683901,122950.83
683902,137195.11
683904,107581.98
683904,116219.01
683905,105000.0
683906,119047.62
683906,125000.0
683907,114329.26
683908,108471.07
683908,121951.21
683909,110294.12
683910,106707.31
683910,101562.5
683911,114329.26
683912,100723.14
683912,100723.14
683913,123966.94
683914,131714.88
683914,125000.0
683915,130635.26
683916,137195.11
683916,123966.94
683917,123966.94
683918,121951.21
683918,125000.0
683919,113407.26
683920,108471.07
683920,106707.31
683921,123966.94
683922,118172.27
683922,114329.26
683923,114329.26
683924,123966.94
683924,108471.07
683925,123966.94
683926,131714.88
683926,138319.69
683927,114329.26
683928,116219.01
683928,117187.5
683929,132874.02
683930,122950.83
683930,140625.0
683931,124511.72
683932,118172.27
683932,123966.94
683933,124511.72
683934,109375.0
683934,108471.07
683935,110294.12
683936,127500.0
683936,133928.58
683937,118110.23
683938,116219.01
683938,116219.01
683939,121951.21
683940,121951.21
683940,125000.0
683941,130635.26
683942,106707.31
683942,129310.34
683943,121951.21
683944,108471.07
683944,101562.5
683945,130635.26
683947,131714.88
683947,122950.83
683948,130635.26
683949,144817.06
683949,107581.98
683950,131714.88
683951,138319.69
683951,139462.81
683952,122950.83
683953,108471.07
683953,129573.164
683954,131714.88
683955,147210.73
683955,121951.21
683956,108471.07
683956,121951.21
683957,129573.164
683958,127500.0
683959,130635.26
683959,123966.94
683960,100723.14
683960,108471.07
683961,129573.164
683962,139462.81
683962,130635.26
683963,131714.88
683964,109863.28
683964,125000.0
683965,113407.26
683966,123966.94
683966,131714.88
683967,130635.26
683968,131714.88
683968,110728.34
683969,108471.07
683970,135000.0
683970,114329.26
683971,123966.94
683972,114329.26
683972,100723.14
683973,114329.26
683974,100723.14
683974,120000.0
683975,123966.94
683976,108471.07
683976,106707.31
683977,114329.26
683978,123966.94
683978,121951.21
683979,123966.94
683980,121951.21
683980,106707.31
683981,114329.26
683982,131714.88
683982,137195.11
683983,123966.94
683984,114329.26
683984,116219.01
683985,114329.26
683986,123966.94
683986,137195.11
683987,123966.94
683988,108471.07
683988,108471.07
683990,112500.0
683991,123966.94
683991,108471.07
683992,123966.94
683993,117187.5
683993,111228.805
683994,120967.74
683995,138319.69
683995,140625.0
683996,121951.21
683997,114329.26
683997,132812.5
683998,114329.26
683999,106707.31
683999,125000.0
684000,107581.98
684001,116219.01
684001,139462.81
684002,120000.0
684003,123966.94
684003,126050.42
684004,112500.0
684005,129573.164
684005,108471.07
684006,100723.14
684007,100723.14
684007,118172.27
684008,97500.0
684009,99085.36
684009,125000.0
684010,120967.74
684011,122950.83
684011,132812.5
684012,114329.26
684013,116219.01
684013,117187.5
684014,114329.26
684015,116219.01
684015,116219.01
684016,111607.14
684017,110294.12
684017,126050.42
684018,122596.15
684019,109375.0
684019,108471.07
684020,119047.62
684021,101562.5
684021,101562.5
684022,117187.5
684023,125000.0
684023,117187.5
684024,107581.98
684025,106707.31
684025,132812.5
684026,107581.98
684027,129573.164
684027,131714.88
684028,99085.36
684029,106707.31
684029,100723.14
684030,100723.14
684032,129573.164
684032,118172.27
684033,99085.36
684034,108471.07
684034,102415.97
684035,112500.0
684036,129573.164
684036,117187.5
684037,111607.14
684038,113407.26
684038,106707.31
684039,104166.664
684040,120967.74
684040,90000.0
684041,119047.62
684042,127500.0
684042,104166.664
684043,120967.74
684043,120000.0
684044,126488.09
684045,142500.0
684045,112500.0
684046,111607.14
684047,105846.77
684047,104166.664
684048,128528.23
684049,105000.0
684049,111607.14
684050,111607.14
684051,123966.94
684051,117187.5
684052,110728.34
684053,112500.0
684053,136088.72
684054,112500.0
684055,119047.62
684055,119047.62
684056,111607.14
684057,104166.664
684057,111607.14
684058,133928.56
684059,125492.12
684059,116219.01
684060,117187.5
684061,105000.0
684061,105000.0
684062,119047.62
684063,135000.0
684063,119047.62
684064,116219.01
684065,111607.14
684065,105846.77
684066,104166.664
684067,119047.62
684067,119047.62
684068,97500.0
684069,100723.14
684069,104166.664
684070,105846.77
684071,119047.62
684071,120000.0
684072,135000.0
684073,97500.0
684073,113407.26
684075,119047.62
684076,126488.09
684076,150000.0
684077,120000.0
684078,105000.0
684078,119047.62
684079,116219.01
684080,116279.086
684080,120967.74
684081,112500.0
684082,118110.23
684082,117187.5
684083,117187.5
684084,124511.72
684084,106707.31
684085,105000.0
684086,120000.0
684086,114329.26
684087,119047.62
684088,120000.0
684088,97500.0
684089,111607.14
684090,126488.09
684090,142500.0
684091,126488.09
684092,119047.62
684092,121951.21
684093,105846.77
684094,111607.14
684094,113407.26
684095,119047.62
684096,111607.14
684096,118172.27
684097,109863.28
684098,105000.0
684098,121951.21
684099,120967.74
684100,119047.62
684100,114329.26
684101,105000.0
684102,119047.62
684102,114329.26
684103,133928.56
684104,119047.62
684104,114329.26
684105,120000.0
684106,113407.26
684106,129573.164
684107,126488.09
684108,113407.26
684108,121951.21
684109,131714.88
684110,108173.08
684110,128528.23
684111,118110.23
684112,127500.0
684112,122950.83
684113,118110.23
684114,127500.0
684114,129573.164
684115,108471.07
684116,139160.16
684116,107581.98
684118,120000.0
684119,111607.14
684119,129573.164
684120,127500.0
684121,111607.14
684121,123966.94
684122,142500.0
684123,123966.94
684123,127500.0
684124,119047.62
684125,126488.09
684125,130635.26
684126,111607.14
684127,128528.23
684127,120000.0
684128,123966.94
684129,109863.28
684129,111607.14
684130,113407.26
684131,119047.62
684131,127500.0
684132,119047.62
684132,112500.0
684133,111607.14
684134,111607.14
684134,133928.56
684135,118110.23
684136,112500.0
684136,98286.29
684137,111607.14
684138,113407.26
684138,126488.09
684139,126488.09
684140,126488.09
684140,123966.94
684141,126488.09
684142,126488.09
684142,127500.0
684143,126488.09
684144,127500.0
684144,111607.14
684145,119047.62
684146,119047.62
684146,119047.62
684147,119047.62
684148,119047.62
684148,104166.664
684149,111607.14
684150,104166.664
684150,120967.74
684151,105000.0
684152,105000.0
684152,97500.0
684153,113407.26
684154,112500.0
684154,143649.2
684155,132874.02
684156,150000.0
684156,112500.0
684157,119047.62
684158,119047.62
684158,111607.14
684160,120967.74
684161,119047.62
684161,117187.5
684162,99085.36
684163,106707.31
684163,117187.5
684164,105000.0
684165,105000.0
684165,119047.62
684166,112500.0
684167,105000.0
684167,105000.0
684168,104166.664
684169,125492.12
684169,112500.0
684170,126488.09
684171,125492.12
684171,114329.26
684172,119047.62
684173,119047.62
684173,127500.0
684174,150000.0
684175,127500.0
684175,127500.0
684176,111607.14
684177,120967.74
684177,129573.164
684178,112500.0
684179,113407.26
684179,112500.0
684180,108471.07
684181,102539.06
684181,112500.0
684182,128528.23
684183,120000.0
684183,130635.26
684184,119047.62
684185,120000.0
684185,135000.0
684186,142500.0
684187,141369.05
684187,135000.0
684188,120000.0
684189,119047.62
684189,129573.164
684190,112500.0
684191,120000.0
684191,117187.5
684192,124511.72
684193,117187.5
684193,115266.4
684194,117187.5
684195,112500.0
684195,131714.88
684196,118110.23
684197,111607.14
684197,113407.26
684198,126488.09
684199,111607.14
684199,129573.164
684200,104166.664
684201,119047.62
684201,117187.5
684203,132874.02
684204,140255.89
684204,137195.11
684205,119047.62
684206,126488.09
684206,138319.69
684207,157500.0
684208,120000.0
684208,112500.0
684209,118172.27
684210,116219.01
684210,125000.0
684211,115384.61
684212,125492.12
684212,125000.0
684213,112500.0
684214,117187.5
684214,127500.0
684215,120000.0
684216,112500.0
684216,113407.26
684217,133928.56
684217,135000.0
684218,126488.09
684219,133928.56
684219,118110.23
684220,111607.14
684221,119047.62
684221,126488.09
684222,127500.0
684223,131714.88
684223,112500.0
684224,109863.28
684225,123966.94
684225,126488.09
684226,126488.09
684227,112500.0
684227,119047.62
684228,104166.664
684229,100723.14
684229,117187.5
684230,132874.02
684231,110728.34
684231,110728.34
684232,104166.664
684233,111607.14
684233,113407.26
684234,142500.0
684235,126488.09
684235,111607.14
684236,102415.97
684237,124511.72
684237,133928.56
684238,150000.0
684239,126488.09
684239,127500.0
684240,123966.94
684241,109863.28
684241,126488.09
684242,111607.14
684243,126488.09
684243,131714.88
684244,105000.0
684246,109863.28
684246,111607.14
684247,119047.62
684248,141369.05
684248,119047.62
684249,119047.62
684250,111607.14
684250,116219.01
684251,131835.94
684252,148809.52
684252,126488.09
684253,112500.0
684254,126050.42
684254,112500.0
684255,113407.26
684256,125492.12
684256,106707.31
684257,100723.14
684258,139462.81
684258,118110.23
684259,126488.09
684260,126488.09
684260,120000.0
684261,120000.0
684262,120000.0
684262,135000.0
684263,119047.62
684264,123966.94
684264,112500.0
684265,119047.62
684266,119047.62
684266,120000.0
684267,119047.62
684268,119047.62
684268,109375.0
684269,111607.14
684270,119047.62
684270,127500.0
684271,112500.0
684272,113407.26
684272,112500.0
684273,113407.26
684274,112500.0
684274,128528.23
684275,125492.12
684276,112500.0
684276,105846.77
684277,119047.62
684278,120967.74
684278,120000.0
684279,120000.0
684280,119047.62
684280,99897.55
684281,127500.0
684282,126488.09
684282,129573.164
684283,112500.0
684284,120967.74
684284,112500.0
684285,111607.14
684286,105846.77
684286,106707.31
684288,104166.664
684289,111607.14
684289,116219.01
684290,119047.62
684291,112500.0
684291,120967.74
684292,119047.62
684293,120000.0
684293,135000.0
684294,142500.0
684295,119047.62
684295,106707.31
684296,97500.0
684297,111607.14
684297,121951.21
684298,113407.26
684299,119047.62
684299,117187.5
684300,121951.21
684301,104166.664
684301,143649.2
684302,118110.23
684303,126488.09
684303,129573.164
684304,120000.0
684304,105000.0
684305,111607.14
684306,128528.23
684307,150000.0
684307,132812.5
684308,115384.61
684308,110728.34
684309,135000.0
684310,119047.62
684310,126488.09
684311,126488.09
684312,112500.0
684312,109375.0
684313,129573.164
684314,139160.16
684314,140255.89
684315,123966.94
684316,119047.62
684316,119047.62
684317,119047.62
684318,126488.09
684318,126488.09
684319,135000.0
684320,116219.01
684320,100723.14
684321,117187.5
684322,112500.0
684322,113407.26
684323,112500.0
684324,119047.62
684324,111607.14
684325,116219.01
684326,111607.14
684326,128528.23
684327,110728.34
684328,126488.09
684328,120000.0
684329,133928.56
684331,120000.0
684331,133928.56
684332,120000.0
684333,133928.56
684333,120000.0
684334,141369.05
684335,125492.12
684335,126488.09
684336,131714.88
684337,115384.61
684337,138319.69
684338,124511.72
684339,141369.05
684339,125492.12
684340,125000.0
684341,121660.31
684341,120000.0
684342,108471.07
684343,130813.97
684343,117187.5
684344,117187.5
684345,117187.5
684345,135000.0
684346,126488.09
684347,141369.05
684347,127500.0
684348,135000.0
684349,104166.664
684349,113407.26
684350,111607.14
684351,111607.14
684351,118172.27
684352,109863.28
684353,117187.5
684353,110728.34
684354,116219.01
684355,148809.52
684355,128528.23
684356,118110.23
684357,119047.62
684357,121951.21
684358,141369.05
684359,111607.14
684359,128528.23
684360,105000.0
684361,132812.5
684361,127500.0
684362,135000.0
684363,120000.0
684363,137195.11
684364,127500.0
684365,126488.09
684365,122950.83
684366,132874.02
684367,131714.88
684367,118110.23
684368,119047.62
684369,119047.62
684369,127118.63
684370,117187.5
684371,126488.09
684371,137195.11
684372,109375.0
684374,106707.31
684374,135000.0
684375,120000.0
684376,120000.0
684376,137195.11
684377,111607.14
684378,119047.62
684378,135063.55
684379,139160.16
684380,155019.67
684380,125000.0
684381,122596.15
684382,125492.12
684382,127118.63
684383,139160.16
684384,120000.0
684384,119173.72
684385,129573.164
684386,139462.81
684386,125492.12
684387,135000.0
684388,135000.0
684388,129573.164
684389,116219.01
684390,117187.5
684390,118110.23
684391,135000.0
684391,131714.88
684392,115384.61
684393,122950.83
684393,121951.21
684394,141369.05
684395,120000.0
684395,119047.62
684396,127500.0
684397,116219.01
684397,114329.26
684398,139160.16
684399,132874.02
684399,135000.0
684400,125000.0
684401,115384.61
684401,120000.0
684402,119047.62
684403,120000.0
684403,135000.0
684404,116219.01
684405,108471.07
684405,114329.26
684406,117187.5
684407,125492.12
684407,119047.62
684408,105000.0
684409,111607.14
684409,123966.94
684410,119047.62
684411,142500.0
684411,135000.0
684412,111607.14
684413,128528.23
684413,112500.0
684414,126488.09
684416,126488.09
684416,119047.62
684417,105000.0
684418,123966.94
684418,114329.26
684419,131835.94
684420,120000.0
684420,126488.09
684421,111607.14
684422,111607.14
684422,105846.77
684423,119047.62
684424,111607.14
684424,113407.26
684425,100723.14
684426,117187.5
684426,118110.23
684427,126488.09
684428,125492.12
684428,121951.21
684429,113407.26
684430,125492.12
684430,129573.164
684431,126488.09
684432,110728.34
684432,115266.4
684433,119047.62
684434,127500.0
684434,129573.164
684435,127500.0
684436,127500.0
684436,122950.83
684437,118110.23
684438,133928.56
684438,128528.23
684439,112500.0
684440,111607.14
684440,123966.94
684441,119047.62
684442,119047.62
684442,137195.11
684443,127500.0
684444,139462.81
684444,120000.0
684445,126488.09
684446,126488.09
684446,120000.0
684447,112500.0
684448,113407.26
684448,111228.805
684449,110728.34
684450,131714.88
684450,118110.23
684451,119047.62
684452,119047.62
684452,112500.0
684453,126488.09
684454,128528.23
684454,128528.23
684455,132874.02
684456,108471.07
684456,120000.0
684457,120000.0
684459,120967.74
684459,135000.0
684460,126488.09
684461,127500.0
684461,115266.4
684462,117187.5
684463,140255.89
684463,127500.0
684464,119047.62
684465,120000.0
684465,125000.0
684466,122596.15
684467,118110.23
684467,137195.11
684468,111607.14
684469,110294.12
684469,111607.14
684470,113407.26
684471,119047.62
684471,120000.0
684472,120000.0
684473,120000.0
684473,127118.63
684474,139160.16
684475,142500.0
684475,137195.11
684476,127500.0
684477,112500.0
684477,120967.74
684478,119047.62
684479,119047.62
684479,127500.0
684480,108471.07
684480,121951.21
684481,116219.01
684482,109863.28
684482,126488.09
684483,120000.0
684484,105000.0
684484,105000.0
684485,104166.664
684486,128528.23
684486,120000.0
684487,105000.0
684488,133928.56
684488,103346.45
684489,119047.62
684490,126488.09
684490,126488.09
684491,150000.0
684492,112500.0
684492,111607.14
684493,126488.09
684494,131714.88
684494,137019.23
684495,112500.0
684496,119047.62
684496,111607.14
684497,116219.01
684498,124511.72
684498,126488.09
684499,119047.62
684500,108471.07
684500,108471.07
684502,124511.72
684503,112500.0
684503,128528.23
684504,112500.0
684505,126488.09
684505,111607.14
684506,120967.74
684507,142500.0
684507,142500.0
684508,126488.09
684509,126488.09
684509,120000.0
684510,126488.09
684511,119047.62
684511,126488.09
684512,112500.0
684513,126488.09
684513,131714.88
684514,115384.61
684515,117187.5
684515,120000.0
684516,111607.14
684517,105000.0
684517,105000.0
684518,119047.62
684519,110728.34
684519,101562.5
684520,117187.5
684521,95964.56
684521,120000.0
684522,126488.09
684523,126488.09
684523,127500.0
684524,105000.0
684525,126488.09
684525,135000.0
684526,111607.14
684527,141369.05
684527,120000.0
684528,111607.14
684529,111607.14
684529,113407.26
684530,126488.09
684531,119047.62
684531,117187.5
684532,124511.72
684533,117187.5
684533,110728.34
684534,119047.62
684535,119047.62
684535,121951.21
684536,104166.664
684537,98286.29
684537,112500.0
684538,126488.09
684539,111607.14
684539,128528.23
684540,105000.0
684541,105846.77
684541,121951.21
684542,136088.72
684544,112500.0
684544,120967.74
684545,104166.664
684546,113407.26
684546,107581.98
684547,119047.62
684548,120000.0
684548,121951.21
684549,109375.0
684550,110728.34
684550,107581.98
684551,137195.11
684552,114329.26
684552,92975.2
684553,106707.31
684554,113407.26
684554,123966.94
684555,120967.74
684556,127500.0
684556,100723.14
684557,115266.4
684558,117187.5
684558,137195.11
684559,136088.72
684560,121951.21
684560,106707.31
684561,114329.26
684562,105846.77
684562,123966.94
684563,121951.21
684564,105846.77
684564,109375.0
684565,119047.62
684565,118110.23
684566,136088.72
684567,121951.21
684567,121951.21
684568,105846.77
684569,129573.164
684569,129573.164
684570,128528.23
684571,114329.26
684571,129573.164
684572,121951.21
684573,118110.23
684573,123966.94
684574,121951.21
684575,129573.164
684575,129573.164
684576,106707.31
684577,114329.26
684577,129573.164
684578,121951.21
684579,121951.21
684579,113407.26
684580,114329.26
684581,121951.21
684581,129573.164
684582,136088.72
684583,121951.21
684583,129573.164
684584,114329.26
684585,114329.26
684585,129573.164
684587,129573.164
684588,129573.164
684588,137195.11
684589,121951.21
684590,120967.74
684590,137195.11
684591,129573.164
684592,129573.164
684592,129573.164
684593,137195.11
684594,137195.11
684594,122950.83
684595,124511.72
684596,121951.21
684596,115266.4
684597,124511.72
684598,129573.164
684598,129573.164
684599,115266.4
684600,109863.28
684600,120967.74
684601,127500.0
684602,126488.09
684602,131714.88
684603,127500.0
684604,137195.11
684604,123966.94
684605,121951.21
684606,136088.72
684606,115266.4
684607,105000.0
684608,113407.26
684608,99897.55
684609,103346.45
684610,115266.4
684610,113407.26
684611,121951.21
684612,121951.21
684612,115266.4
684613,120000.0
684614,121951.21
684614,108471.07
684615,136088.72
684616,121951.21
684616,116219.01
684617,129573.164
684618,129573.164
684618,131714.88
684619,120000.0
684620,129573.164
684620,131714.88
684621,128528.23
684622,124511.72
684622,116219.01
684623,137195.11
684624,137195.11
684624,107581.98
684625,117187.5
684626,138319.69
684626,115266.4
684627,114503.82
684628,129573.164
684628,108471.07
684630,121951.21
684631,122950.83
684631,121951.21
684632,110728.34
684633,130635.26
684633,122950.83
684634,137195.11
684635,144817.06
684635,146004.11
684636,129573.164
684637,136088.72
684637,130635.26
684638,136088.72
684639,129573.164
684639,131714.88
684640,115266.4
684641,132874.02
684641,130635.26
684642,132874.02
684643,128528.23
684643,129573.164
684644,121951.21
684645,128528.23
684645,107581.98
684646,120000.0
684647,107581.98
684647,122950.83
684648,99897.55
684649,102539.06
684649,138319.69
684650,129573.164
684651,121951.21
684651,116219.01
684652,113407.26
684652,114329.26
684653,136088.72
684654,120000.0
684654,136088.72
684655,128528.23
684656,124511.72
684656,121951.21
684657,114329.26
684658,129573.164
684658,129573.164
684659,129573.164
684660,115384.61
684660,115266.4
684661,109863.28
684662,120000.0
684662,121951.21
684663,121951.21
684664,129573.164
684664,121951.21
684665,137195.11
684666,136088.72
684666,129573.164
684667,143649.2
684668,120000.0
684668,121951.21
684669,121951.21
684670,129573.164
684670,121951.21
684672,115266.4
684673,118110.23
684673,118110.23
684674,130635.26
684675,110728.34
684675,121951.21
684676,121951.21
684677,129573.164
684677,121951.21
684678,121951.21
684679,121951.21
684679,121951.21
684680,114329.26
684681,120967.74
684681,129573.164
684682,129573.164
684683,137195.11
684683,129573.164
684684,121951.21
684685,121951.21
684685,129573.164
684686,129573.164
684687,120000.0
684687,138319.69
684688,129573.164
684689,112500.0
684689,138319.69
684690,129573.164
684691,129573.164
684691,131714.88
684692,129573.164
684693,113407.26
684693,130635.26
684694,132874.02
684695,127500.0
684695,130635.26
684696,125492.12
684697,129573.164
684697,122950.83
684698,139160.16
684699,137195.11
684699,139462.81
684700,115266.4
684701,109863.28
684701,130635.26
684702,129573.164
684703,137195.11
684703,131714.88
684704,120967.74
684705,111607.14
684705,138319.69
684706,125492.12
684707,142500.0
684707,130635.26
684708,129573.164
684709,115266.4
684709,114329.26
684710,120000.0
684711,136088.72
684711,130635.26
684712,115384.61
684713,130635.26
684713,138319.69
684715,141369.05
684716,139462.81
684716,138319.69
684717,118110.23
684718,125000.0
684718,137195.11
684719,140255.89
684720,139462.81
684720,130635.26
684721,133928.56
684722,140255.89
684722,137195.11
684723,135000.0
684724,128528.23
684724,123966.94
684725,111607.14
684726,136088.72
684726,129573.164
684727,137195.11
684728,113407.26
684728,116219.01
684729,128528.23
684730,124511.72
684730,129573.164
684731,143649.2
684732,136088.72
684732,137195.11
684733,122950.83
684734,124511.72
684734,116219.01
684735,121951.21
684736,128528.23
684736,130635.26
684737,138319.69
684738,126488.09
684738,119047.62
684739,132874.02
684739,127500.0
684740,106707.31
684741,121951.21
684741,114329.26
684742,121951.21
684743,121951.21
684743,112500.0
684744,99085.36
684745,99897.55
684745,109863.28
684746,142500.0
684747,126488.09
684747,131714.88
684748,121951.21
684749,121951.21
684749,128528.23
684750,127500.0
684751,120967.74
684751,142500.0
684752,128528.23
684753,109863.28
684753,113407.26
684754,125492.12
684755,129573.164
684755,121951.21
684756,105846.77
684758,114329.26
684758,137195.11
684759,120000.0
684760,143649.2
684760,128528.23
684761,121951.21
684762,129573.164
684762,137195.11
684763,137195.11
684764,137195.11
684764,122950.83
684765,117187.5
684766,138319.69
684766,118110.23
684767,129573.164
684768,137195.11
684768,115266.4
684769,118110.23
684770,119047.62
684770,132874.02
684771,112500.0
684772,129573.164
684772,120000.0
684773,129573.164
684774,112500.0
684774,122950.83
684775,121951.21
684776,104166.664
684776,101562.5
684777,125492.12
684778,137195.11
684778,121951.21
684779,137195.11
684780,128528.23
684780,121951.21
684781,129573.164
684782,152439.02
684782,137195.11
684783,129573.164
684784,122950.83
684784,121951.21
684785,122950.83
684786,117187.5
684786,130635.26
684787,137195.11
684788,130635.26
684788,116219.01
684789,125492.12
684790,127500.0
684790,123966.94
684791,128528.23
684792,105000.0
684792,116219.01
684793,122950.83
684794,124511.72
684794,116219.01
684795,129573.164
684796,113407.26
684796,114329.26
684797,114329.26
684798,120967.74
684798,107581.98
684800,125492.12
684801,121951.21
684801,100723.14
684802,126488.09
684803,123966.94
684803,123966.94
684804,119047.62
684805,116219.01
684805,100723.14
684806,111607.14
684807,116219.01
684807,116219.01
684808,98286.29
684809,98286.29
684809,114329.26
684810,106707.31
684811,106707.31
684811,123966.94
684812,120967.74
684813,99085.36
684813,108471.07
684814,121951.21
684815,121951.21
684815,123966.94
684816,128528.23
684817,127500.0
684817,114329.26
684818,114329.26
684819,120967.74
684819,130635.26
684820,114329.26
684821,114329.26
684821,114329.26
684822,114329.26
684823,105846.77
684823,123966.94
684824,114329.26
684825,106707.31
684825,131714.88
684826,129573.164
684826,129573.164
684827,129573.164
684828,121951.21
684828,121951.21
684829,113407.26
684830,121951.21
684830,136088.72
684831,106707.31
684832,129807.69
684832,121951.21
684833,129573.164
684834,119047.62
684834,123966.94
684835,121951.21
684836,121951.21
684836,115266.4
684837,129807.69
684838,112500.0
684838,121951.21
684839,129573.164
684840,106707.31
684840,105846.77
684841,129573.164
684843,129573.164
684843,129573.164
684844,120967.74
684845,127500.0
684845,121951.21
684846,137195.11
684847,143649.2
684847,128528.23
684848,129573.164
684849,129573.164
684849,137195.11
684850,121951.21
684851,113407.26
684851,129573.164
684852,116219.01
684853,131835.94
684853,115384.61
684854,129573.164
684855,129573.164
684855,116219.01
684856,115384.61
684857,114329.26
684857,137195.11
684858,114329.26
684859,107581.98
684859,131835.94
684860,129573.164
684861,129573.164
684861,106707.31
684862,128528.23
684863,119047.62
684863,118172.27
684864,115384.61
684865,106707.31
684865,100723.14
684866,129807.69
684867,129573.164
684867,137195.11
684868,106707.31
684869,99085.36
684869,116219.01
684870,128528.23
684871,135000.0
684871,123966.94
684872,105846.77
684873,121951.21
684873,126050.42
684874,137019.23
684875,127500.0
684875,115266.4
684876,114329.26
684877,115266.4
684877,120000.0
684878,129573.164
684879,129573.164
684879,131714.88
684880,116219.01
684881,100961.54
684881,130635.26
684882,129573.164
684883,129573.164
684883,121951.21
684884,129573.164
684886,129573.164
684886,116219.01
684887,112781.95
684888,123966.94
684888,131714.88
684889,126488.09
684890,123966.94
684890,139462.81
684891,141369.05
684892,139462.81
684892,115266.4
684893,124511.72
684894,121951.21
684894,116219.01
684895,115384.61
684896,120000.0
684896,131714.88
684897,139160.16
684898,139160.16
684898,127500.0
684899,127500.0
684900,129573.164
684900,108471.07
684901,128528.23
684902,112500.0
684902,108471.07
684903,117187.5
684904,124511.72
684904,97500.0
684905,113407.26
684906,137195.11
684906,139462.81
684907,121951.21
684908,128528.23
684908,130635.26
684909,113407.26
684910,128528.23
684910,121951.21
684911,129573.164
684911,123966.94
684912,124511.72
684913,129807.69
684913,121951.21
684914,129573.164
684915,129573.164
684915,121951.21
684916,121951.21
684917,129573.164
684917,113407.26
684918,120967.74
684919,112500.0
684919,121951.21
684920,121951.21
684921,119047.62
684921,131714.88
684922,129573.164
684923,137195.11
684923,129573.164
684924,114329.26
684925,120967.74
684925,121951.21
684926,121951.21
684928,106707.31
684928,107581.98
684929,122596.15
684930,108471.07
684930,129807.69
684931,121951.21
684932,114329.26
684932,121951.21
684933,114329.26
684934,128528.23
684934,106707.31
684935,114329.26
684936,121951.21
684936,98286.29
684937,121951.21
684938,121951.21
684938,121951.21
684939,121951.21
684940,114329.26
684940,128528.23
684941,121951.21
684942,121951.21
684942,121951.21
684943,121951.21
684944,121951.21
684944,114329.26
684945,121951.21
684946,121951.21
684946,114329.26
684947,121951.21
684948,121951.21
684948,114329.26
684949,121951.21
684950,119047.62
684950,123966.94
684951,121951.21
684952,121951.21
684952,116219.01
684953,129573.164
684954,129573.164
684954,131714.88
684955,129573.164
684956,114329.26
684956,114329.26
684957,121951.21
684958,121951.21
684958,108471.07
684959,129573.164
684960,129573.164
684960,100723.14
684961,129807.69
684962,121951.21
684962,123966.94
684963,121951.21
684964,121951.21
684964,123966.94
684965,129573.164
684966,129573.164
684966,123966.94
684967,113407.26
684968,121951.21
684968,106707.31
684969,129573.164
684971,129573.164
684971,121951.21
684972,137195.11
684973,137195.11
684973,114329.26
684974,126488.09
684975,131714.88
684975,144817.06
684976,126488.09
684977,123966.94
684977,131714.88
684978,121951.21
684979,123966.94
684979,129573.164
684980,110728.34
684981,108471.07
684981,137195.11
684982,108173.08
684983,112500.0
684983,108471.07
684984,115384.61
684985,105000.0
684985,131714.88
684986,135000.0
684987,137195.11
684987,126050.42
684988,129807.69
684989,120000.0
684989,131714.88
684990,127500.0
684991,120000.0
684991,108471.07
684992,102539.06
684992,117187.5
684993,129807.69
684994,112500.0
684995,113407.26
684995,108471.07
684996,93750.0
684997,105846.77
684997,123966.94
684998,120967.74
684999,97500.0
684999,105846.77
685000,105846.77
685000,106707.31
685001,129573.164
685002,120967.74
685002,121951.21
685003,113407.26
685004,106707.31
685004,105846.77
685005,121951.21
685006,121951.21
685006,136088.72
685007,129573.164
685008,111607.14
685008,116219.01
685009,121951.21
685010,136088.72
685010,121951.21
685011,121951.21
685012,121951.21
685012,115266.4
685014,129807.69
685015,127500.0
685015,106707.31
685016,121951.21
685017,122950.83
685017,115384.61
685018,129573.164
685019,129573.164
685019,129573.164
685020,113407.26
685021,105846.77
685021,136088.72
685022,121951.21
685023,128528.23
685023,127500.0
685024,121951.21
685025,121951.21
685025,129573.164
685026,121951.21
685027,121951.21
685027,122950.83
685028,115384.61
685029,106707.31
685029,98286.29
685030,114329.26
685031,114329.26
685031,121951.21
685032,106707.31
685033,106707.31
685033,128528.23
685034,127500.0
685035,135000.0
685035,121951.21
685036,114329.26
685037,111607.14
685037,123966.94
685038,136088.72
685039,135000.0
685039,108471.07
685040,98286.29
685041,107581.98
685041,121951.21
685042,121951.21
685043,128528.23
685043,114329.26
685044,115266.4
685045,102539.06
685045,118110.23
685046,114329.26
685047,106707.31
685047,116219.01
685048,106707.31
685049,99085.36
685049,123966.94
685050,121951.21
685051,128528.23
685051,122950.83
685052,114329.26
685053,128528.23
685053,99897.55
685054,127500.0
685056,113407.26
685056,106707.31
685057,106707.31
685058,99085.36
685058,116219.01
685059,114329.26
685060,106707.31
685060,100723.14
685061,101744.195
685062,113407.26
685062,128528.23
685063,132874.02
685064,105846.77
685064,91463.41
685065,127500.0
685066,135000.0
686065,0.0
686071,18.636541
687072,0.0
